-- phpMyAdmin SQL Dump
-- version 4.8.5
-- https://www.phpmyadmin.net/
--
-- Host: 127.0.0.1:3306
-- Generation Time: Dec 13, 2019 at 12:31 PM
-- Server version: 10.3.13-MariaDB
-- PHP Version: 7.1.22

SET SQL_MODE = "NO_AUTO_VALUE_ON_ZERO";
SET AUTOCOMMIT = 0;
START TRANSACTION;
SET time_zone = "+00:00";


/*!40101 SET @OLD_CHARACTER_SET_CLIENT=@@CHARACTER_SET_CLIENT */;
/*!40101 SET @OLD_CHARACTER_SET_RESULTS=@@CHARACTER_SET_RESULTS */;
/*!40101 SET @OLD_COLLATION_CONNECTION=@@COLLATION_CONNECTION */;
/*!40101 SET NAMES utf8mb4 */;

--
-- Database: `anddev`
--

-- --------------------------------------------------------

--
-- Table structure for table `child_categories`
--

CREATE TABLE `child_categories` (
  `id` int(11) NOT NULL,
  `parent_category` int(11) NOT NULL,
  `name` varchar(255) NOT NULL,
  `short_desc` mediumtext DEFAULT NULL,
  `slug` varchar(255) DEFAULT NULL
) ENGINE=InnoDB DEFAULT CHARSET=utf8;

--
-- Dumping data for table `child_categories`
--

INSERT INTO `child_categories` (`id`, `parent_category`, `name`, `short_desc`, `slug`) VALUES
(16, 2, 'IBPS', NULL, NULL),
(17, 2, 'UPSC', NULL, NULL),
(18, 2, 'SSC', NULL, NULL),
(19, 2, 'RRB', NULL, NULL),
(20, 2, 'UPTET', NULL, NULL),
(21, 2, 'BPSC', '', NULL),
(22, 2, 'UPSSSC', NULL, NULL),
(23, 2, 'Other', NULL, NULL),
(24, 3, 'IBPS', NULL, NULL),
(25, 3, 'UPSC', NULL, NULL),
(26, 3, 'SSC', NULL, NULL),
(27, 3, 'RRB', NULL, NULL),
(28, 3, 'UPTET', NULL, NULL),
(29, 3, 'BPSC', '', NULL),
(30, 3, 'UPSSSC', NULL, NULL),
(31, 3, 'Other', NULL, NULL),
(32, 4, 'IBPS', NULL, NULL),
(33, 4, 'UPSC', NULL, NULL),
(34, 4, 'SSC', NULL, NULL),
(35, 4, 'RRB', NULL, NULL),
(36, 4, 'UPTET', NULL, NULL),
(37, 4, 'BPSC', '', NULL),
(38, 4, 'UPSSSC', NULL, NULL),
(39, 4, 'Other', NULL, NULL),
(40, 9, 'IBPS', NULL, NULL),
(41, 9, 'UPSC', NULL, NULL),
(42, 9, 'SSC', NULL, NULL),
(43, 9, 'RRB', NULL, NULL),
(44, 9, 'UPTET', NULL, NULL),
(45, 9, 'BPSC', '', NULL),
(46, 9, 'UPSSSC', NULL, NULL),
(47, 9, 'Other', NULL, NULL),
(48, 10, 'IBPS', NULL, NULL),
(49, 10, 'UPSC', NULL, NULL),
(50, 10, 'SSC', NULL, NULL),
(51, 10, 'RRB', NULL, NULL),
(52, 10, 'UPTET', NULL, NULL),
(53, 10, 'BPSC', '', NULL),
(54, 10, 'UPSSSC', NULL, NULL),
(55, 10, 'Other', NULL, NULL);

-- --------------------------------------------------------

--
-- Table structure for table `fileuploads`
--

CREATE TABLE `fileuploads` (
  `id` int(11) NOT NULL,
  `name` varchar(255) NOT NULL,
  `path` varchar(255) DEFAULT NULL,
  `url` varchar(255) DEFAULT NULL
) ENGINE=InnoDB DEFAULT CHARSET=utf8;

--
-- Dumping data for table `fileuploads`
--

INSERT INTO `fileuploads` (`id`, `name`, `path`, `url`) VALUES
(15, 'fleet manager doc list', '\\1\\ewm_UGb4Bqp858QSPZT7ldrTkz_apmEk.docx', NULL),
(16, 'excel to do list', '\\1\\kXHPbIEQUzb0nLR1P8xC0Ky_4BEHf6Os.jpg', NULL);

-- --------------------------------------------------------

--
-- Table structure for table `main_categories`
--

CREATE TABLE `main_categories` (
  `id` int(11) NOT NULL,
  `name` varchar(255) NOT NULL,
  `short_desc` mediumtext DEFAULT NULL,
  `slug` varchar(255) DEFAULT NULL,
  `is_mantatory` varchar(15) DEFAULT NULL
) ENGINE=InnoDB DEFAULT CHARSET=utf8;

--
-- Dumping data for table `main_categories`
--

INSERT INTO `main_categories` (`id`, `name`, `short_desc`, `slug`, `is_mantatory`) VALUES
(1, 'Latest Jobs', 'Latest jobs', 'latest-jobs', 'true'),
(2, 'Results', '', 'results', NULL),
(3, 'Admit Card', '', 'admin-card', NULL),
(4, 'Answer Key', '', 'answer_key', NULL),
(9, 'Syllabus', '', 'syllabus', NULL),
(10, 'Admission', '', 'admission', NULL),
(11, 'Important', '', 'important', NULL);

-- --------------------------------------------------------

--
-- Table structure for table `post`
--

CREATE TABLE `post` (
  `id` int(11) NOT NULL,
  `title` varchar(255) NOT NULL,
  `short_desc` mediumtext NOT NULL,
  `content` text NOT NULL,
  `main_category` int(11) DEFAULT NULL,
  `child_category` int(11) DEFAULT NULL,
  `image` varchar(255) DEFAULT NULL,
  `file` int(11) DEFAULT NULL,
  `date` date DEFAULT NULL,
  `category` int(15) DEFAULT NULL,
  `status` int(10) DEFAULT NULL,
  `user_id` int(11) DEFAULT NULL,
  `slug` varchar(255) DEFAULT NULL,
  `exam_date` date DEFAULT NULL,
  `website` varchar(250) DEFAULT NULL,
  `total_vacancies` int(11) DEFAULT NULL,
  `last_date_to_apply` date DEFAULT NULL,
  `admit_card` varchar(200) DEFAULT NULL,
  `eligibility` varchar(150) DEFAULT NULL
) ENGINE=InnoDB DEFAULT CHARSET=utf8;

--
-- Dumping data for table `post`
--

INSERT INTO `post` (`id`, `title`, `short_desc`, `content`, `main_category`, `child_category`, `image`, `file`, `date`, `category`, `status`, `user_id`, `slug`, `exam_date`, `website`, `total_vacancies`, `last_date_to_apply`, `admit_card`, `eligibility`) VALUES
(91, 'UKSSSC Personal Assistant Online Form 2019', 'Uttrakhand Subordinate Selection Commission UKSSSC Online Are Invited to Online Application Recruitment Form for the Post of Personal Assistant in UK High Court Vacancies 2019. Those Candidate Are Interested to the Following Examination Can Read the Full Details of Notification Before Apply Online.', '<table border=\"1\" cellpadding=\"0\" cellspacing=\"0\" style=\"font-family:times new roman; width:699px\">\r\n	<tbody>\r\n		<tr>\r\n			<td colspan=\"12\">\r\n			<p><span style=\"color:rgb(0, 128, 0)\"><span style=\"color:rgb(255, 0, 255)\"><strong>Uttrakhand Subordinate Service Selection Commission (UKSSSC)</strong></span></span></p>\r\n\r\n			<p><span style=\"color:rgb(0, 128, 0)\"><strong>Personal Assistant (PA) Recruitment 2019</strong></span></p>\r\n\r\n			<p><span style=\"color:rgb(0, 128, 0)\"><span style=\"color:rgb(255, 0, 255)\"><strong>Advt No. : A-1/E-3/PA-HC/2019-20 Short Details of Notification</strong></span></span></p>\r\n\r\n			<p><span style=\"color:rgb(255, 0, 0)\"><strong><a href=\"http://www.sarkariresult.com/\" style=\"text-decoration-line: none;\"><span style=\"color:rgb(255, 0, 0)\">WWW.SARKARIRESULT.COM</span></a></strong></span></p>\r\n			</td>\r\n		</tr>\r\n		<tr>\r\n			<td colspan=\"8\" rowspan=\"2\">\r\n			<p><strong><span style=\"color:rgb(0, 128, 0)\">Important Dates</span></strong></p>\r\n\r\n			<ul>\r\n				<li>Application Begin&nbsp;<strong>: 03/12/2019</strong></li>\r\n				<li>Last Date for Apply Online&nbsp;<strong>:<span style=\"color:rgb(255, 0, 0)\">&nbsp;23/12/2019</span></strong></li>\r\n				<li>Pay Examination Fee&nbsp;<strong>: 23/12/2019</strong></li>\r\n				<li>Exam Date<strong>: January 2020</strong></li>\r\n				<li>Admit Card Available&nbsp;<strong>: December 2019</strong></li>\r\n			</ul>\r\n			</td>\r\n			<td colspan=\"4\">\r\n			<p><span style=\"color:rgb(0, 128, 0)\"><strong>Application Fee</strong></span></p>\r\n\r\n			<ul>\r\n				<li>General / OBC / EWS :&nbsp;<strong>176.55/-</strong></li>\r\n				<li>SC / ST :&nbsp;<strong>86.55/-</strong></li>\r\n			</ul>\r\n			</td>\r\n		</tr>\r\n		<tr>\r\n			<td colspan=\"4\">\r\n			<p><span style=\"color:rgb(0, 128, 0)\"><strong>Payment Mode</strong></span></p>\r\n\r\n			<ul>\r\n				<li>Pay the Examination Fee Through Debit Card / Credit Card / Net Banking Fee Mode Only.</li>\r\n			</ul>\r\n			</td>\r\n		</tr>\r\n		<tr>\r\n			<td colspan=\"12\">\r\n			<p><span style=\"color:rgb(0, 128, 0)\"><strong>Age Limit as on 01/07/2019</strong></span></p>\r\n\r\n			<ul>\r\n				<li>Minimum Age :&nbsp;<strong>21 Years.</strong></li>\r\n				<li>Maximum Age :&nbsp;<strong>35 Years.</strong></li>\r\n				<li>Age Relaxation Extra as per Recruitment Rules.</li>\r\n			</ul>\r\n			</td>\r\n		</tr>\r\n		<tr>\r\n			<td colspan=\"12\">\r\n			<p><span style=\"color:rgb(0, 128, 0)\"><strong>Vacancy Details&nbsp;</strong><span style=\"color:rgb(255, 0, 255)\"><strong>Total : 12 Post</strong></span></span></p>\r\n			</td>\r\n		</tr>\r\n		<tr>\r\n			<td>\r\n			<p><strong>Post Name</strong></p>\r\n			</td>\r\n			<td>\r\n			<p><strong>Gen</strong></p>\r\n			</td>\r\n			<td colspan=\"2\">\r\n			<p><strong>OBC</strong></p>\r\n			</td>\r\n			<td>\r\n			<p><strong>EWS</strong></p>\r\n			</td>\r\n			<td colspan=\"2\">\r\n			<p><strong>SC</strong></p>\r\n			</td>\r\n			<td colspan=\"2\">\r\n			<p><strong>ST</strong></p>\r\n			</td>\r\n			<td colspan=\"2\">\r\n			<p><strong>Total</strong></p>\r\n			</td>\r\n			<td>\r\n			<p><strong>Eligibility</strong></p>\r\n			</td>\r\n		</tr>\r\n		<tr>\r\n			<td>\r\n			<p>Personal Assistant</p>\r\n			</td>\r\n			<td>\r\n			<p>03</p>\r\n			</td>\r\n			<td colspan=\"2\">\r\n			<p>02</p>\r\n			</td>\r\n			<td>\r\n			<p>03</p>\r\n			</td>\r\n			<td colspan=\"2\">\r\n			<p>04</p>\r\n			</td>\r\n			<td colspan=\"2\">\r\n			<p>0</p>\r\n			</td>\r\n			<td colspan=\"2\">\r\n			<p>12</p>\r\n			</td>\r\n			<td>\r\n			<ul>\r\n				<li>Bachelor Degree in Law (LLB) in Any Recognized University in India.</li>\r\n				<li>English Shorthand Dictation Speed : 100 WPM</li>\r\n				<li>English Typing Speed : 40 WPM</li>\r\n			</ul>\r\n			</td>\r\n		</tr>\r\n		<tr>\r\n			<td colspan=\"12\">\r\n			<p><span style=\"color:rgb(255, 0, 255)\"><strong>Interested Candidate Can Read the Full Notification Before Apply Online.</strong></span></p>\r\n			</td>\r\n		</tr>\r\n		<tr>\r\n			<td colspan=\"12\">\r\n			<p><span style=\"color:rgb(0, 128, 0)\"><strong>Download Mobile Apps for the Latest Updates</strong></span></p>\r\n			</td>\r\n		</tr>\r\n		<tr>\r\n			<td colspan=\"3\">\r\n			<p><strong><a href=\"https://play.google.com/store/apps/details?id=com.app.app14f269771c01\" style=\"text-decoration-line: none;\" target=\"_blank\">Android Apps</a></strong></p>\r\n			</td>\r\n			<td colspan=\"7\">\r\n			<p><strong><a href=\"https://itunes.apple.com/us/app/sarkari-result/id1051363935?ls=1&amp;mt=8\" style=\"text-decoration-line: none;\" target=\"_blank\">Apple IOS Apps</a></strong></p>\r\n			</td>\r\n			<td colspan=\"2\">\r\n			<p><strong><a href=\"https://www.microsoft.com/en-us/store/apps/sarkari-result/9nblggh6cm69\" style=\"text-decoration-line: none;\" target=\"_blank\">Window Apps</a></strong></p>\r\n			</td>\r\n		</tr>\r\n		<tr>\r\n			<td colspan=\"12\">\r\n			<h1 style=\"margin-left:0px; margin-right:0px\"><span style=\"color:rgb(0, 128, 0)\"><strong>Some Useful Important Links</strong></span></h1>\r\n			</td>\r\n		</tr>\r\n		<tr>\r\n			<td colspan=\"6\">\r\n			<h1 style=\"margin-left:0px; margin-right:0px\"><span style=\"color:rgb(255, 0, 255)\"><strong>Apply Online</strong></span></h1>\r\n			</td>\r\n			<td colspan=\"6\">\r\n			<h1 style=\"margin-left:0px; margin-right:0px\"><strong><a href=\"https://ukpsc.net.in/hca19v1/\" style=\"text-decoration-line: none;\" target=\"_blank\">Click Here</a></strong></h1>\r\n			</td>\r\n		</tr>\r\n		<tr>\r\n			<td colspan=\"6\">\r\n			<h1 style=\"margin-left:0px; margin-right:0px\"><span style=\"color:rgb(255, 0, 255)\"><strong>Download Notification</strong></span></h1>\r\n			</td>\r\n			<td colspan=\"6\">\r\n			<h1 style=\"margin-left:0px; margin-right:0px\"><strong><a href=\"https://ukpsc.gov.in/files/PA_advertisement_1_august_new1.pdf\" style=\"text-decoration-line: none;\" target=\"_blank\">Click Here</a></strong></h1>\r\n			</td>\r\n		</tr>\r\n		<tr>\r\n			<td colspan=\"6\">\r\n			<h1 style=\"margin-left:0px; margin-right:0px\"><span style=\"color:rgb(255, 0, 255)\"><strong>Official Website</strong></span></h1>\r\n			</td>\r\n			<td colspan=\"6\">\r\n			<h1 style=\"margin-left:0px; margin-right:0px\"><strong><a href=\"https://ukpsc.gov.in/latestupdate\" style=\"text-decoration-line: none;\" target=\"_blank\">Click Here</a></strong></h1>\r\n			</td>\r\n		</tr>\r\n	</tbody>\r\n</table>\r\n', 1, NULL, NULL, 16, '2019-12-03', NULL, 1, NULL, 'uksssc-personal-assistant-online-form-2019', NULL, 'https://facebook.com/', NULL, '2019-12-03', NULL, NULL),
(92, 'LIC HFL Assistant Manager Legal Online Form 2019', 'Life Insurance Corporation LIC Housing Finance Ltd (LIC HFL) Are Recently Invited Online Application Form for Assistant Manager Legal Recruitment 2019. Those Candidates Are Appeared in Online Exam Can Check the Result.', '<table border=\"1\" cellpadding=\"0\" cellspacing=\"0\" style=\"font-family:times new roman\">\r\n	<tbody>\r\n		<tr>\r\n			<td colspan=\"13\">\r\n			<p><span style=\"color:rgb(0, 128, 0)\"><strong>LIC Housing Finance Ltd (LIC HFL)</strong></span></p>\r\n\r\n			<p><span style=\"color:rgb(0, 128, 0)\"><strong><span style=\"color:rgb(255, 0, 255)\">Assistant Manager Legal Recruitment 2019</span></strong></span></p>\r\n\r\n			<p><span style=\"color:rgb(0, 128, 0)\"><strong>Short Details of Notification</strong></span></p>\r\n\r\n			<p><span style=\"color:rgb(255, 0, 0)\"><strong><a href=\"http://www.sarkariresult.com/\" style=\"text-decoration-line: none;\"><span style=\"color:rgb(255, 0, 0)\">WWW.SARKARIRESULT.COM</span></a></strong></span></p>\r\n			</td>\r\n		</tr>\r\n		<tr>\r\n			<td colspan=\"7\">\r\n			<p><span style=\"color:rgb(0, 128, 0)\"><strong>Important Dates</strong></span></p>\r\n\r\n			<ul>\r\n				<li>Application Begin&nbsp;<strong>: 02/12/2019</strong></li>\r\n				<li>Last Date for Apply Online :<span style=\"color:rgb(255, 0, 0)\"><strong>&nbsp;16/12/2019</strong></span></li>\r\n				<li>Last Date for Fee Payment<strong>&nbsp;: 16/12/2019</strong></li>\r\n				<li>Exam Date<strong>: 27/01/2020</strong></li>\r\n				<li>Admit Card Available :&nbsp;<strong>January 2020</strong></li>\r\n			</ul>\r\n			</td>\r\n			<td colspan=\"6\">\r\n			<p><span style=\"color:rgb(0, 128, 0)\"><strong>Application Fee</strong></span></p>\r\n\r\n			<ul>\r\n				<li>General / OBC :&nbsp;<strong>500/-</strong></li>\r\n				<li>SC / ST / PH :&nbsp;<strong>500/-</strong></li>\r\n				<li>Pay the Examination Fee Through Debit Card, Credit Card, Net Banking, Ru Pay, Cash Card, Mobile Wallet OR Pay the Fee Through Offline Fee Mode</li>\r\n			</ul>\r\n			</td>\r\n		</tr>\r\n		<tr>\r\n			<td colspan=\"13\">\r\n			<p><span style=\"color:rgb(0, 128, 0)\"><strong>Vacancy Details&nbsp;</strong><span style=\"color:rgb(255, 0, 255)\"><strong>Total : 35 Post</strong></span></span></p>\r\n			</td>\r\n		</tr>\r\n		<tr>\r\n			<td>\r\n			<p><strong>Post Name</strong></p>\r\n			</td>\r\n			<td colspan=\"4\">\r\n			<p><strong>Total Post</strong></p>\r\n			</td>\r\n			<td>\r\n			<p><strong>Age Limit</strong></p>\r\n			</td>\r\n			<td colspan=\"7\">\r\n			<p><strong>Eligibility</strong></p>\r\n			</td>\r\n		</tr>\r\n		<tr>\r\n			<td>\r\n			<p>Assistant Manager Legal (Law)</p>\r\n			</td>\r\n			<td colspan=\"4\">\r\n			<p>35</p>\r\n			</td>\r\n			<td>\r\n			<p>23-30 as on 01/01/2019</p>\r\n			</td>\r\n			<td colspan=\"7\">Bachelor Degree in Law (3 Year / 5 Year) in Any Recognized University in India with 55% Marks.</td>\r\n		</tr>\r\n		<tr>\r\n			<td colspan=\"13\">\r\n			<p><span style=\"color:rgb(255, 0, 255)\"><strong>State Wise Vacancy Details</strong></span></p>\r\n			</td>\r\n		</tr>\r\n		<tr>\r\n			<td colspan=\"2\">\r\n			<p><strong>State</strong></p>\r\n			</td>\r\n			<td colspan=\"2\">\r\n			<p><strong>Total</strong></p>\r\n			</td>\r\n			<td colspan=\"5\">\r\n			<p><strong>State Name</strong></p>\r\n			</td>\r\n			<td>\r\n			<p><strong>Total</strong></p>\r\n			</td>\r\n			<td colspan=\"2\">\r\n			<p><strong>State</strong></p>\r\n			</td>\r\n			<td>\r\n			<p><strong>Total</strong></p>\r\n			</td>\r\n		</tr>\r\n		<tr>\r\n			<td colspan=\"2\">\r\n			<p>Chhattisgarh</p>\r\n			</td>\r\n			<td colspan=\"2\">\r\n			<p>01</p>\r\n			</td>\r\n			<td colspan=\"5\">\r\n			<p>Madhya Pradesh</p>\r\n			</td>\r\n			<td>\r\n			<p>01</p>\r\n			</td>\r\n			<td colspan=\"2\">\r\n			<p>Bihar</p>\r\n			</td>\r\n			<td>\r\n			<p>01</p>\r\n			</td>\r\n		</tr>\r\n		<tr>\r\n			<td colspan=\"2\">\r\n			<p>Maharashtra</p>\r\n			</td>\r\n			<td colspan=\"2\">\r\n			<p>05</p>\r\n			</td>\r\n			<td colspan=\"5\">\r\n			<p>Odihsa</p>\r\n			</td>\r\n			<td>\r\n			<p>01</p>\r\n			</td>\r\n			<td colspan=\"2\">\r\n			<p>Assam</p>\r\n			</td>\r\n			<td>\r\n			<p>01</p>\r\n			</td>\r\n		</tr>\r\n		<tr>\r\n			<td colspan=\"2\">\r\n			<p>Kerala</p>\r\n			</td>\r\n			<td colspan=\"2\">\r\n			<p>01</p>\r\n			</td>\r\n			<td colspan=\"5\">\r\n			<p>Chandigarh</p>\r\n			</td>\r\n			<td>\r\n			<p>01</p>\r\n			</td>\r\n			<td colspan=\"2\">\r\n			<p>West Bengal</p>\r\n			</td>\r\n			<td>\r\n			<p>02</p>\r\n			</td>\r\n		</tr>\r\n		<tr>\r\n			<td colspan=\"2\">\r\n			<p>Uttar Pradesh</p>\r\n			</td>\r\n			<td colspan=\"2\">\r\n			<p>04</p>\r\n			</td>\r\n			<td colspan=\"5\">\r\n			<p>Telangana</p>\r\n			</td>\r\n			<td>\r\n			<p>02</p>\r\n			</td>\r\n			<td colspan=\"2\">\r\n			<p>Delhi</p>\r\n			</td>\r\n			<td>\r\n			<p>03</p>\r\n			</td>\r\n		</tr>\r\n		<tr>\r\n			<td colspan=\"2\">\r\n			<p>Karnataka</p>\r\n			</td>\r\n			<td colspan=\"2\">\r\n			<p>04</p>\r\n			</td>\r\n			<td colspan=\"5\">\r\n			<p>Gujarat</p>\r\n			</td>\r\n			<td>\r\n			<p>01</p>\r\n			</td>\r\n			<td colspan=\"2\">\r\n			<p>Rajasthan</p>\r\n			</td>\r\n			<td>\r\n			<p>01</p>\r\n			</td>\r\n		</tr>\r\n		<tr>\r\n			<td colspan=\"2\">\r\n			<p>Andhra Pradesh</p>\r\n			</td>\r\n			<td colspan=\"2\">\r\n			<p>01</p>\r\n			</td>\r\n			<td colspan=\"5\">\r\n			<p>Tamil Naidu</p>\r\n			</td>\r\n			<td>\r\n			<p>05</p>\r\n			</td>\r\n			<td colspan=\"3\">\r\n			<p><strong>Total : 35 Post</strong></p>\r\n			</td>\r\n		</tr>\r\n		<tr>\r\n			<td colspan=\"13\">\r\n			<p><span style=\"color:rgb(255, 0, 255)\"><strong>Interested Candidate Can Read the Full Notification Before Apply Online.</strong></span></p>\r\n			</td>\r\n		</tr>\r\n		<tr>\r\n			<td colspan=\"13\">\r\n			<p><span style=\"color:rgb(0, 128, 0)\"><strong>Download SarkariResult.Com Official Mobile Apps</strong></span></p>\r\n			</td>\r\n		</tr>\r\n		<tr>\r\n			<td colspan=\"3\">\r\n			<p><strong><a href=\"https://play.google.com/store/apps/details?id=com.app.app14f269771c01\" style=\"text-decoration-line: none;\" target=\"_blank\">Android Apps</a></strong></p>\r\n			</td>\r\n			<td colspan=\"8\">\r\n			<p><strong><a href=\"https://itunes.apple.com/us/app/sarkari-result/id1051363935?ls=1&amp;mt=8\" style=\"text-decoration-line: none;\" target=\"_blank\">Apple IOS Apps</a></strong></p>\r\n			</td>\r\n			<td colspan=\"2\">\r\n			<p><strong><a href=\"https://www.microsoft.com/en-us/store/p/sarkari-result/9nblggh6cm69\" style=\"text-decoration-line: none;\" target=\"_blank\">Window Apps</a></strong></p>\r\n			</td>\r\n		</tr>\r\n		<tr>\r\n			<td colspan=\"13\">\r\n			<h1 style=\"margin-left:0px; margin-right:0px\"><span style=\"color:rgb(0, 128, 0)\"><strong>Some Useful Important Links</strong></span></h1>\r\n			</td>\r\n		</tr>\r\n		<tr>\r\n			<td colspan=\"8\">\r\n			<h1 style=\"margin-left:0px; margin-right:0px\"><span style=\"color:rgb(255, 0, 255)\"><strong>Apply Online</strong></span></h1>\r\n			</td>\r\n			<td colspan=\"5\">\r\n			<h1 style=\"margin-left:0px; margin-right:0px\"><strong><a href=\"https://ibpsonline.ibps.in/lichfllnov19/basic_details.php\" style=\"text-decoration-line: none;\" target=\"_blank\">Registration</a>&nbsp;|&nbsp;<a href=\"https://ibpsonline.ibps.in/lichfllnov19/\" style=\"text-decoration-line: none;\" target=\"_blank\">Login</a></strong></h1>\r\n			</td>\r\n		</tr>\r\n		<tr>\r\n			<td colspan=\"8\">\r\n			<h1 style=\"margin-left:0px; margin-right:0px\"><span style=\"color:rgb(255, 0, 255)\"><strong>Download Notification</strong></span></h1>\r\n			</td>\r\n			<td colspan=\"5\">\r\n			<h1 style=\"margin-left:0px; margin-right:0px\"><strong><a href=\"http://lichousing.com/downloads/Detailed%20Advertisement_Legal_2019.pdf\" style=\"text-decoration-line: none;\" target=\"_blank\">Click Here</a></strong></h1>\r\n			</td>\r\n		</tr>\r\n		<tr>\r\n			<td colspan=\"8\">\r\n			<h1 style=\"margin-left:0px; margin-right:0px\"><span style=\"color:rgb(255, 0, 255)\"><strong>Official Website</strong></span></h1>\r\n			</td>\r\n			<td colspan=\"5\">\r\n			<h1 style=\"margin-left:0px; margin-right:0px\"><strong><a href=\"http://www.lichousing.com/recruitment.php\" style=\"text-decoration-line: none;\" target=\"_blank\">Click Here</a></strong></h1>\r\n			</td>\r\n		</tr>\r\n	</tbody>\r\n</table>\r\n', 1, NULL, NULL, NULL, '2019-12-16', NULL, 1, NULL, 'lic-hfl-assistant-manager-legal-online-form-2019', NULL, NULL, NULL, NULL, NULL, NULL),
(93, 'Bihar Police Enforcement Sub Inspector ESI Online Form 2019', 'Bihar Police Subordinate Service Commission (BPSSSC) Online Are Invited to Online Application form for the Enforcement Sub Inspector and Other Various Post Recruitment Examination 2019. Those Candidate Are Interested to Following Vacancy and Completed the All Eligibility Criteria Can Read the Notification Before Apply Online.', '<table border=\"1\" cellpadding=\"0\" cellspacing=\"0\" style=\"font-family:times new roman; width:680px\">\r\n	<tbody>\r\n		<tr>\r\n			<td colspan=\"12\">\r\n			<p><span style=\"color:rgb(0, 128, 0)\"><span style=\"color:rgb(255, 0, 255)\"><strong>Bihar Police Subordinate Service Commission (BPSSSC)</strong></span></span></p>\r\n\r\n			<p><span style=\"color:rgb(0, 128, 0)\"><strong>Enforcement Sub Inspector ESI Recruitment 2019</strong></span></p>\r\n\r\n			<p><span style=\"color:rgb(0, 128, 0)\"><span style=\"color:rgb(255, 0, 255)\"><strong>Advt No. : 02/2019 Short Details of Notification</strong></span></span></p>\r\n\r\n			<p><span style=\"color:rgb(255, 0, 0)\"><strong><a href=\"https://www.sarkariresult.com/\" style=\"text-decoration-line: none;\" target=\"_blank\"><span style=\"color:rgb(255, 0, 0)\">WWW.SARKARIRESULT.COM</span></a></strong></span></p>\r\n			</td>\r\n		</tr>\r\n		<tr>\r\n			<td colspan=\"7\">\r\n			<p><span style=\"color:rgb(0, 128, 0)\"><strong>Important Dates</strong></span></p>\r\n\r\n			<ul>\r\n				<li>Application Start&nbsp;<strong>: 03/12/2019</strong></li>\r\n				<li>Last Date for Apply Online&nbsp;<strong>:&nbsp;<span style=\"color:rgb(255, 0, 0)\">06/01/2020</span></strong></li>\r\n				<li>Pay Exam Fee Last Date<strong>: 06/01/2020</strong></li>\r\n				<li>Examination Date&nbsp;<strong>: Notified Soon</strong></li>\r\n				<li>Admit Card Available&nbsp;<strong>: Notified Soon</strong></li>\r\n			</ul>\r\n			</td>\r\n			<td colspan=\"5\">\r\n			<p><span style=\"color:rgb(0, 128, 0)\"><strong>Application Fee</strong></span></p>\r\n\r\n			<ul>\r\n				<li>General / OBC / EWS :&nbsp;<strong>700/-</strong></li>\r\n				<li>SC / ST :&nbsp;<strong>400/-</strong></li>\r\n				<li>Pay the Exam Fee Through Debit Card / Credit Card / Net Banking Mode. OR Pay the Exam Fee Through Offline E Challan Mode.</li>\r\n			</ul>\r\n			</td>\r\n		</tr>\r\n		<tr>\r\n			<td colspan=\"7\">\r\n			<p><span style=\"color:rgb(0, 128, 0)\"><strong>Eligibility</strong></span></p>\r\n\r\n			<ul>\r\n				<li>Bachelor Degree in Any Stream in Any Recognized University in India.</li>\r\n			</ul>\r\n			</td>\r\n			<td colspan=\"5\">\r\n			<p><span style=\"color:rgb(0, 128, 0)\"><strong>Age Limit as on 01/08/2019</strong></span></p>\r\n\r\n			<ul>\r\n				<li>Minimum Age<strong>&nbsp;: 21 Years.</strong></li>\r\n				<li>Maximum Age :<strong>&nbsp;42 Years. (Male)</strong></li>\r\n				<li>Maximum Age :<strong>&nbsp;45 Years. (Female)</strong></li>\r\n				<li>Age Relaxation Extra as per Rules</li>\r\n			</ul>\r\n			</td>\r\n		</tr>\r\n		<tr>\r\n			<td colspan=\"12\">\r\n			<p><span style=\"color:rgb(0, 128, 0)\"><strong>Vacancy Details&nbsp;<span style=\"color:rgb(255, 0, 255)\">Total : 212 Post</span></strong></span></p>\r\n			</td>\r\n		</tr>\r\n		<tr>\r\n			<td>\r\n			<p><strong>General</strong></p>\r\n			</td>\r\n			<td colspan=\"2\">\r\n			<p><strong>BC</strong></p>\r\n			</td>\r\n			<td>\r\n			<p><strong>EBC</strong></p>\r\n			</td>\r\n			<td colspan=\"2\">\r\n			<p><strong>BC Female</strong></p>\r\n			</td>\r\n			<td colspan=\"3\">\r\n			<p><strong>EWS</strong></p>\r\n			</td>\r\n			<td>\r\n			<p><strong>SC</strong></p>\r\n			</td>\r\n			<td>\r\n			<p><strong>ST</strong></p>\r\n			</td>\r\n			<td>\r\n			<p><strong>Total</strong></p>\r\n			</td>\r\n		</tr>\r\n		<tr>\r\n			<td>\r\n			<p>84</p>\r\n			</td>\r\n			<td colspan=\"2\">\r\n			<p>25</p>\r\n			</td>\r\n			<td>\r\n			<p>38</p>\r\n			</td>\r\n			<td colspan=\"2\">\r\n			<p>07</p>\r\n			</td>\r\n			<td colspan=\"3\">\r\n			<p>22</p>\r\n			</td>\r\n			<td>\r\n			<p>34</p>\r\n			</td>\r\n			<td>\r\n			<p>02</p>\r\n			</td>\r\n			<td>\r\n			<p>212</p>\r\n			</td>\r\n		</tr>\r\n		<tr>\r\n			<td colspan=\"12\">\r\n			<p><span style=\"color:rgb(255, 0, 255)\"><strong>Physical Eligibility</strong></span></p>\r\n			</td>\r\n		</tr>\r\n		<tr>\r\n			<td colspan=\"2\">\r\n			<p><strong>Category</strong></p>\r\n			</td>\r\n			<td colspan=\"6\">\r\n			<p><strong>Male</strong></p>\r\n			</td>\r\n			<td colspan=\"4\">\r\n			<p><strong>Female</strong></p>\r\n			</td>\r\n		</tr>\r\n		<tr>\r\n			<td colspan=\"2\">\r\n			<p><strong>Height</strong></p>\r\n			</td>\r\n			<td colspan=\"6\">\r\n			<p>165 CMS</p>\r\n			</td>\r\n			<td colspan=\"4\">\r\n			<p>150 CMS</p>\r\n			</td>\r\n		</tr>\r\n		<tr>\r\n			<td colspan=\"2\">\r\n			<p><strong>Chest</strong></p>\r\n			</td>\r\n			<td colspan=\"6\">\r\n			<p>79-84 CMS</p>\r\n			</td>\r\n			<td colspan=\"4\">\r\n			<p>NA</p>\r\n			</td>\r\n		</tr>\r\n		<tr>\r\n			<td colspan=\"2\">\r\n			<p><strong>Walking</strong></p>\r\n			</td>\r\n			<td colspan=\"6\">\r\n			<p>25 Km in 4 Hours</p>\r\n			</td>\r\n			<td colspan=\"4\">\r\n			<p>14 Km in 4 Hours.</p>\r\n			</td>\r\n		</tr>\r\n		<tr>\r\n			<td colspan=\"12\">\r\n			<p><span style=\"color:rgb(255, 0, 255)\"><strong>Interested Candidate Can Read the Full Notification Before Apply Online.</strong></span></p>\r\n			</td>\r\n		</tr>\r\n		<tr>\r\n			<td colspan=\"12\">\r\n			<h2><span style=\"color:rgb(0, 128, 0)\"><strong>Download Mobile Apps for Latest Updates</strong></span></h2>\r\n\r\n			<h2 style=\"text-align:center\"><strong><a href=\"https://play.google.com/store/apps/details?id=com.app.app14f269771c01\" style=\"text-decoration-line: none;\" target=\"_blank\">Android</a>|&nbsp;<a href=\"https://itunes.apple.com/us/app/sarkari-result/id1051363935?ls=1&amp;mt=8\" style=\"text-decoration-line: none;\" target=\"_blank\">IOS (Apple)</a>&nbsp;|&nbsp;<a href=\"https://www.microsoft.com/en-us/store/apps/sarkari-result/9nblggh6cm69\" style=\"text-decoration-line: none;\" target=\"_blank\">Window</a></strong></h2>\r\n			</td>\r\n		</tr>\r\n		<tr>\r\n			<td colspan=\"12\">\r\n			<h2><span style=\"color:rgb(0, 128, 0)\"><strong>Some Useful Important Links</strong></span></h2>\r\n			</td>\r\n		</tr>\r\n		<tr>\r\n			<td colspan=\"5\">\r\n			<h2><span style=\"color:rgb(255, 0, 255)\"><strong>Apply Online</strong></span></h2>\r\n			</td>\r\n			<td colspan=\"7\">\r\n			<h2><a href=\"https://apply-bpssc.com/V2\" style=\"text-decoration-line: none;\" target=\"_blank\"><strong>Click Here</strong></a></h2>\r\n			</td>\r\n		</tr>\r\n		<tr>\r\n			<td colspan=\"5\">\r\n			<h2><span style=\"color:rgb(255, 0, 255)\"><strong>Download Notification</strong></span></h2>\r\n			</td>\r\n			<td colspan=\"7\">\r\n			<h2><strong><a href=\"http://bpssc.bih.nic.in/Advts/Advt-02-2019-ESI-Transport.pdf\" style=\"text-decoration-line: none;\" target=\"_blank\">Click Here</a></strong></h2>\r\n			</td>\r\n		</tr>\r\n		<tr>\r\n			<td colspan=\"5\">\r\n			<h2><span style=\"color:rgb(255, 0, 255)\"><strong>Official Website</strong></span></h2>\r\n			</td>\r\n			<td colspan=\"7\">\r\n			<h2><strong><a href=\"http://bpssc.bih.nic.in/\" style=\"text-decoration-line: none;\" target=\"_blank\">Click Here</a></strong></h2>\r\n			</td>\r\n		</tr>\r\n	</tbody>\r\n</table>\r\n', 1, NULL, NULL, NULL, '2019-12-10', NULL, 1, NULL, 'bihar-police-enforcement-sub-inspector-esi-online-form-2019', NULL, NULL, NULL, NULL, NULL, NULL),
(94, 'Railway RRC SR Apprentice Online Form 2019', 'Railway Recruitment Cell RRC Chennai and Southern Railway SR Are Invited to Online Application Form for the Recruitment Post of Apprentice in Various Trade / Stream 2019. Those Candidate Are Interested to Following Vacancy and Completed the All Eligibility Criteria Can Read the Notification Before Apply Online.', '<table border=\"1\" cellpadding=\"0\" cellspacing=\"0\" style=\"font-family:times new roman\">\r\n	<tbody>\r\n		<tr>\r\n			<td colspan=\"9\">\r\n			<p><span style=\"color:rgb(0, 128, 0)\"><span style=\"color:rgb(255, 0, 255)\"><strong>South Railway (SR), RRC Chennai</strong></span></span></p>\r\n\r\n			<p><span style=\"color:rgb(0, 128, 0)\"><strong>Various Post Trade Apprentice Recruitment 2019</strong></span></p>\r\n\r\n			<p><span style=\"color:rgb(0, 128, 0)\"><span style=\"color:rgb(255, 0, 255)\"><strong>Short Details of Notification</strong></span></span></p>\r\n\r\n			<p><span style=\"color:rgb(255, 0, 0)\"><strong><a href=\"https://www.sarkariresult.com/\" style=\"text-decoration-line: none;\"><span style=\"color:rgb(255, 0, 0)\">WWW.SARKARIRESULT.COM</span></a></strong></span></p>\r\n			</td>\r\n		</tr>\r\n		<tr>\r\n			<td colspan=\"4\">\r\n			<p><span style=\"color:rgb(0, 128, 0)\"><strong>Important Dates</strong></span></p>\r\n\r\n			<ul>\r\n				<li>Application Begin :&nbsp;<strong>01/12/2019</strong></li>\r\n				<li>Last Date for Apply Online :&nbsp;<strong><span style=\"color:rgb(255, 0, 0)\">31/12/2019 upto 05:00 PM Only</span></strong></li>\r\n				<li>Last Date Pay Exam Fee :&nbsp;<strong>31/12/2019</strong></li>\r\n				<li>Exam Date :&nbsp;<strong>Notified Soon</strong></li>\r\n				<li>Admit Card Available :&nbsp;<strong>Notified Soon</strong></li>\r\n			</ul>\r\n			</td>\r\n			<td colspan=\"5\">\r\n			<p><span style=\"color:rgb(0, 128, 0)\"><strong>Application Fee</strong></span></p>\r\n\r\n			<ul>\r\n				<li>General / OBC :&nbsp;<strong>100/-</strong></li>\r\n				<li>SC / ST / PH :&nbsp;<strong>0/-</strong></li>\r\n				<li>All Category Female&nbsp;<strong>: 0/-</strong></li>\r\n				<li>Pay the Exam Fee Through Debit Card, Credit Card, Net Banking Online Fee Mode Only.</li>\r\n			</ul>\r\n			</td>\r\n		</tr>\r\n		<tr>\r\n			<td colspan=\"9\">\r\n			<p><span style=\"color:rgb(0, 128, 0)\"><strong>Vacancy Details&nbsp;</strong><span style=\"color:rgb(255, 0, 255)\"><strong>Total : 3585 Post</strong></span></span></p>\r\n			</td>\r\n		</tr>\r\n		<tr>\r\n			<td>\r\n			<p><strong>Post Name</strong></p>\r\n			</td>\r\n			<td colspan=\"2\">\r\n			<p><strong>Total Post</strong></p>\r\n			</td>\r\n			<td colspan=\"3\">\r\n			<p><strong>Age Limit</strong></p>\r\n			</td>\r\n			<td colspan=\"3\">\r\n			<p><strong>Eligibility</strong></p>\r\n			</td>\r\n		</tr>\r\n		<tr>\r\n			<td>\r\n			<p>Trade Apprentice in Various Trade / Workshop</p>\r\n			</td>\r\n			<td colspan=\"2\">\r\n			<p>3585</p>\r\n			</td>\r\n			<td colspan=\"3\">\r\n			<p>15-24 as on 31/12/2019</p>\r\n			</td>\r\n			<td colspan=\"3\">\r\n			<ul>\r\n				<li>Class 10 High School Exam with 50% Marks with ITI Certificate in Related Trade.</li>\r\n				<li>For More Details Read the Notification.</li>\r\n			</ul>\r\n			</td>\r\n		</tr>\r\n		<tr>\r\n			<td colspan=\"9\">\r\n			<p><span style=\"color:rgb(255, 0, 255)\"><strong>Workshop Wise Vacancy Details</strong></span></p>\r\n			</td>\r\n		</tr>\r\n		<tr>\r\n			<td colspan=\"8\">\r\n			<p><strong>Workshop Name</strong></p>\r\n			</td>\r\n			<td>\r\n			<p><strong>Total Post</strong></p>\r\n			</td>\r\n		</tr>\r\n		<tr>\r\n			<td colspan=\"8\">\r\n			<p>Carriage &amp; Wagon Works, Perambur</p>\r\n			</td>\r\n			<td>\r\n			<p>464</p>\r\n			</td>\r\n		</tr>\r\n		<tr>\r\n			<td colspan=\"8\">\r\n			<p>Railway Hospital/Perambur</p>\r\n			</td>\r\n			<td>\r\n			<p>23</p>\r\n			</td>\r\n		</tr>\r\n		<tr>\r\n			<td colspan=\"8\">\r\n			<p>ELECTRICAL WORKSHOP/PERAMBUR</p>\r\n			</td>\r\n			<td>\r\n			<p>130</p>\r\n			</td>\r\n		</tr>\r\n		<tr>\r\n			<td colspan=\"8\">\r\n			<p>LOCO WORKS/PERAMBUR</p>\r\n			</td>\r\n			<td>\r\n			<p>214</p>\r\n			</td>\r\n		</tr>\r\n		<tr>\r\n			<td colspan=\"8\">\r\n			<p>ENGINEERING WORKSHOP/ARAKKONAM</p>\r\n			</td>\r\n			<td>\r\n			<p>67</p>\r\n			</td>\r\n		</tr>\r\n		<tr>\r\n			<td colspan=\"8\">\r\n			<p>CHENNAI DIVISION &ndash;RS/AJJ</p>\r\n			</td>\r\n			<td>\r\n			<p>74</p>\r\n			</td>\r\n		</tr>\r\n		<tr>\r\n			<td colspan=\"8\">\r\n			<p>CHENNAI DIVISION &ndash;RS/AVD</p>\r\n			</td>\r\n			<td>\r\n			<p>102</p>\r\n			</td>\r\n		</tr>\r\n		<tr>\r\n			<td colspan=\"8\">\r\n			<p>CHENNAI DIVISION &ndash;RS/TBM</p>\r\n			</td>\r\n			<td>\r\n			<p>60</p>\r\n			</td>\r\n		</tr>\r\n		<tr>\r\n			<td colspan=\"8\">\r\n			<p>CHENNAI DIVISION &ndash;DSL/TNP</p>\r\n			</td>\r\n			<td>\r\n			<p>09</p>\r\n			</td>\r\n		</tr>\r\n		<tr>\r\n			<td colspan=\"8\">\r\n			<p>CHENNAI DIVISION &ndash;C&amp;W/BBQ</p>\r\n			</td>\r\n			<td>\r\n			<p>38</p>\r\n			</td>\r\n		</tr>\r\n		<tr>\r\n			<td colspan=\"8\">\r\n			<p>CHENNAI DIVISION &ndash;RS/RPM</p>\r\n			</td>\r\n			<td>\r\n			<p>27</p>\r\n			</td>\r\n		</tr>\r\n		<tr>\r\n			<td colspan=\"8\">\r\n			<p>Central Workshop Ponmalai</p>\r\n			</td>\r\n			<td>\r\n			<p>364</p>\r\n			</td>\r\n		</tr>\r\n		<tr>\r\n			<td colspan=\"8\">\r\n			<p>Tiruchirappalli Division</p>\r\n			</td>\r\n			<td>\r\n			<p>259</p>\r\n			</td>\r\n		</tr>\r\n		<tr>\r\n			<td colspan=\"8\">\r\n			<p>Madurai Division</p>\r\n			</td>\r\n			<td>\r\n			<p>100</p>\r\n			</td>\r\n		</tr>\r\n		<tr>\r\n			<td colspan=\"8\">\r\n			<p>Palghat &amp; S&amp;T Division Podanur</p>\r\n			</td>\r\n			<td>\r\n			<p>43</p>\r\n			</td>\r\n		</tr>\r\n		<tr>\r\n			<td colspan=\"8\">\r\n			<p>Signal &amp; Telecommunication Podanur, Coimbatore</p>\r\n			</td>\r\n			<td>\r\n			<p>52</p>\r\n			</td>\r\n		</tr>\r\n		<tr>\r\n			<td colspan=\"8\">\r\n			<p>Trivandrum Division</p>\r\n			</td>\r\n			<td>\r\n			<p>683</p>\r\n			</td>\r\n		</tr>\r\n		<tr>\r\n			<td colspan=\"8\">\r\n			<p>Palghat Division</p>\r\n			</td>\r\n			<td>\r\n			<p>666</p>\r\n			</td>\r\n		</tr>\r\n		<tr>\r\n			<td colspan=\"8\">\r\n			<p>Salempur Division</p>\r\n			</td>\r\n			<td>\r\n			<p>210</p>\r\n			</td>\r\n		</tr>\r\n		<tr>\r\n			<td colspan=\"9\">\r\n			<p><span style=\"color:rgb(0, 128, 0)\"><strong>For Trade Wise Vacancy Details Read the Notification</strong></span></p>\r\n			</td>\r\n		</tr>\r\n		<tr>\r\n			<td colspan=\"9\">\r\n			<p><span style=\"color:rgb(255, 0, 255)\"><strong>Interested Candidate Can Read the Full Notification Before Apply Online.</strong></span></p>\r\n			</td>\r\n		</tr>\r\n		<tr>\r\n			<td colspan=\"9\">\r\n			<p><span style=\"color:rgb(0, 128, 0)\"><strong>Download Mobile Apps for the Latest Updates</strong></span></p>\r\n			</td>\r\n		</tr>\r\n		<tr>\r\n			<td colspan=\"2\">\r\n			<p><strong><a href=\"https://play.google.com/store/apps/details?id=com.app.app14f269771c01\" style=\"text-decoration-line: none;\" target=\"_blank\">Android Apps</a></strong></p>\r\n			</td>\r\n			<td colspan=\"5\">\r\n			<p><strong><a href=\"https://itunes.apple.com/us/app/sarkari-result/id1051363935?ls=1&amp;mt=8\" style=\"text-decoration-line: none;\" target=\"_blank\">Apple IOS Apps</a></strong></p>\r\n			</td>\r\n			<td colspan=\"2\">\r\n			<p><strong><a href=\"https://www.microsoft.com/en-us/store/apps/sarkari-result/9nblggh6cm69\" style=\"text-decoration-line: none;\" target=\"_blank\">Window Apps</a></strong></p>\r\n			</td>\r\n		</tr>\r\n		<tr>\r\n			<td colspan=\"9\">\r\n			<h2><span style=\"color:rgb(0, 128, 0)\"><strong>Some Useful Important Links</strong></span></h2>\r\n			</td>\r\n		</tr>\r\n		<tr>\r\n			<td colspan=\"5\">\r\n			<h1 style=\"margin-left:0px; margin-right:0px\"><span style=\"color:rgb(255, 0, 255)\"><strong>Apply Online</strong></span></h1>\r\n			</td>\r\n			<td colspan=\"4\">\r\n			<h1 style=\"margin-left:0px; margin-right:0px\"><a href=\"https://iroams.com/Apprentice/recruitmentIndex\" style=\"text-decoration-line: none;\" target=\"_blank\"><strong>Click Here</strong></a></h1>\r\n			</td>\r\n		</tr>\r\n		<tr>\r\n			<td colspan=\"5\">\r\n			<h1 style=\"margin-left:0px; margin-right:0px\"><span style=\"color:rgb(255, 0, 255)\"><strong>Download Notification</strong></span></h1>\r\n			</td>\r\n			<td colspan=\"4\">\r\n			<h1 style=\"margin-left:0px; margin-right:0px\"><strong><a href=\"https://iroams.com/Apprentice/recruitmentIndex\" style=\"text-decoration-line: none;\" target=\"_blank\">Click Here</a></strong></h1>\r\n			</td>\r\n		</tr>\r\n		<tr>\r\n			<td colspan=\"5\">\r\n			<h1 style=\"margin-left:0px; margin-right:0px\"><span style=\"color:rgb(255, 0, 255)\"><strong>Official Website</strong></span></h1>\r\n			</td>\r\n			<td colspan=\"4\">\r\n			<h1 style=\"margin-left:0px; margin-right:0px\"><strong><a href=\"https://sr.indianrailways.gov.in/view_section.jsp?fontColor=black&amp;backgroundColor=LIGHTSTEELBLUE&amp;lang=0&amp;id=0,4,1751\" style=\"text-decoration-line: none;\" target=\"_blank\">Click Here</a></strong></h1>\r\n			</td>\r\n		</tr>\r\n	</tbody>\r\n</table>\r\n', 1, NULL, NULL, NULL, '2019-12-11', NULL, 1, NULL, 'railway-rrc-sr-apprentice-online-form-2019', NULL, NULL, NULL, NULL, NULL, NULL),
(95, 'Bihar Police Driver Online Form 2019', 'Bihar Police CSBC Are Invited to Online Application Recruitment Form for the Post of Driver in Bihar Police. Through CSBC Bihar 05/2019. Those Candidate Are Interested to Following Vacancy and Completed the All Eligibility Criteria Can Read the Notification Before Apply Online.', '<table border=\"1\" cellpadding=\"0\" cellspacing=\"0\" style=\"font-family:times new roman\">\r\n	<tbody>\r\n		<tr>\r\n			<td colspan=\"17\">\r\n			<p><span style=\"color:rgb(255, 0, 255)\"><strong>Central Selection Board of Constable (CSBC)</strong></span></p>\r\n\r\n			<p><span style=\"color:rgb(255, 0, 255)\"><span style=\"color:rgb(0, 128, 0)\"><strong>Bihar Police Driver Recruitment 2019</strong></span></span></p>\r\n\r\n			<p><span style=\"color:rgb(255, 0, 255)\"><strong>Advt No. : 05/2019 Short Details of Notification</strong></span></p>\r\n\r\n			<p><span style=\"color:rgb(255, 0, 0)\"><strong><a href=\"http://www.sarkariresult.com/\" style=\"text-decoration-line: none;\"><span style=\"color:rgb(255, 0, 0)\">WWW.SARKARIRESULT.COM</span></a></strong></span></p>\r\n			</td>\r\n		</tr>\r\n		<tr>\r\n			<td colspan=\"10\">\r\n			<p><span style=\"color:rgb(0, 128, 0)\"><strong>Important Dates</strong></span></p>\r\n\r\n			<ul>\r\n				<li>Application Begin :&nbsp;<strong>30/11/2019</strong></li>\r\n				<li>Last Date for Apply Online :<span style=\"color:rgb(255, 0, 0)\">&nbsp;<strong>30/12/2019</strong></span></li>\r\n				<li>Last Date for Pay Exam Fee :<strong>30/12/2019</strong></li>\r\n				<li>Exam Date<strong>&nbsp;: Notified Soon</strong></li>\r\n				<li>Admit Card Available<strong>&nbsp;: Notified Soon</strong></li>\r\n			</ul>\r\n			</td>\r\n			<td colspan=\"7\">\r\n			<p><span style=\"color:rgb(0, 128, 0)\"><strong>Application Fee</strong></span></p>\r\n\r\n			<ul>\r\n				<li>General / OBC / Other State :&nbsp;<strong>450/-</strong></li>\r\n				<li>SC / ST :&nbsp;<strong>112/-</strong></li>\r\n				<li>Pay the Examination Fee Through Debit Card, Credit Card, Net Banking or Pay Offline Through SBI E Challan Fee Mode</li>\r\n			</ul>\r\n			</td>\r\n		</tr>\r\n		<tr>\r\n			<td colspan=\"17\">\r\n			<p><span style=\"color:rgb(0, 128, 0)\"><strong>Vacancy Details</strong></span><span style=\"color:rgb(255, 0, 255)\"><strong>&nbsp;Total : 1722 Post</strong></span></p>\r\n			</td>\r\n		</tr>\r\n		<tr>\r\n			<td colspan=\"5\">\r\n			<p><strong>Post Name</strong></p>\r\n			</td>\r\n			<td colspan=\"3\">\r\n			<p><strong>Total Post</strong></p>\r\n			</td>\r\n			<td colspan=\"7\">\r\n			<p><strong>Eligibility</strong></p>\r\n			</td>\r\n			<td colspan=\"2\">\r\n			<p><strong>Age Limit</strong></p>\r\n			</td>\r\n		</tr>\r\n		<tr>\r\n			<td colspan=\"5\">\r\n			<p>Constable Driver in Bihar Police</p>\r\n			</td>\r\n			<td colspan=\"3\">\r\n			<p>1722</p>\r\n			</td>\r\n			<td colspan=\"7\">10+2 Intermediate Exam Passed in Any Recognized Board in India&nbsp;<strong>with</strong>&nbsp;Driving License LMV / HMV</td>\r\n			<td colspan=\"2\">20-25 as on 01/08/2019</td>\r\n		</tr>\r\n		<tr>\r\n			<td colspan=\"17\">\r\n			<p><span style=\"color:rgb(255, 0, 255)\"><strong>Category Wise Vacancy Details</strong></span></p>\r\n			</td>\r\n		</tr>\r\n		<tr>\r\n			<td>\r\n			<p><strong>General</strong></p>\r\n			</td>\r\n			<td>\r\n			<p><strong>EWS</strong></p>\r\n			</td>\r\n			<td colspan=\"2\">\r\n			<p><strong>BC</strong></p>\r\n			</td>\r\n			<td colspan=\"3\">\r\n			<p><strong>EBC</strong></p>\r\n			</td>\r\n			<td colspan=\"5\">\r\n			<p><strong>BC Female</strong></p>\r\n			</td>\r\n			<td colspan=\"2\">\r\n			<p><strong>SC</strong></p>\r\n			</td>\r\n			<td colspan=\"2\">\r\n			<p><strong>ST</strong></p>\r\n			</td>\r\n			<td>\r\n			<p><strong>Total</strong></p>\r\n			</td>\r\n		</tr>\r\n		<tr>\r\n			<td>\r\n			<p>736</p>\r\n			</td>\r\n			<td>\r\n			<p>169</p>\r\n			</td>\r\n			<td colspan=\"2\">\r\n			<p>176</p>\r\n			</td>\r\n			<td colspan=\"3\">\r\n			<p>284</p>\r\n			</td>\r\n			<td colspan=\"5\">\r\n			<p>68</p>\r\n			</td>\r\n			<td colspan=\"2\">\r\n			<p>266</p>\r\n			</td>\r\n			<td colspan=\"2\">\r\n			<p>23</p>\r\n			</td>\r\n			<td>\r\n			<p>1722</p>\r\n			</td>\r\n		</tr>\r\n		<tr>\r\n			<td colspan=\"17\">\r\n			<p><span style=\"color:rgb(255, 0, 255)\"><strong>Physical Eligibility</strong></span></p>\r\n			</td>\r\n		</tr>\r\n		<tr>\r\n			<td colspan=\"3\">\r\n			<p><strong>Category</strong></p>\r\n			</td>\r\n			<td colspan=\"8\">\r\n			<p><strong>Male</strong></p>\r\n			</td>\r\n			<td colspan=\"6\">\r\n			<p><strong>Female</strong></p>\r\n			</td>\r\n		</tr>\r\n		<tr>\r\n			<td colspan=\"3\">\r\n			<p>Height</p>\r\n			</td>\r\n			<td colspan=\"8\">\r\n			<p style=\"text-align:center\">General / OBC 165 CMS</p>\r\n\r\n			<p style=\"text-align:center\">EBC / SC / ST : 160 CMS</p>\r\n			</td>\r\n			<td colspan=\"6\">\r\n			<p>155 CMS</p>\r\n			</td>\r\n		</tr>\r\n		<tr>\r\n			<td colspan=\"3\">\r\n			<p>Chest</p>\r\n			</td>\r\n			<td colspan=\"8\">\r\n			<p>81-86 CMS</p>\r\n			</td>\r\n			<td colspan=\"6\">\r\n			<p>NA</p>\r\n			</td>\r\n		</tr>\r\n		<tr>\r\n			<td colspan=\"3\">\r\n			<p>Running</p>\r\n			</td>\r\n			<td colspan=\"8\">\r\n			<p>1.6 KM in 07 Minutes</p>\r\n			</td>\r\n			<td colspan=\"6\">\r\n			<p>01 KM in 07 Minutes</p>\r\n			</td>\r\n		</tr>\r\n		<tr>\r\n			<td colspan=\"3\">\r\n			<p>High Jump</p>\r\n			</td>\r\n			<td colspan=\"8\">\r\n			<p>03 Feet 06 Inch</p>\r\n			</td>\r\n			<td colspan=\"6\">\r\n			<p>02 Feet 06 Inch</p>\r\n			</td>\r\n		</tr>\r\n		<tr>\r\n			<td colspan=\"3\">\r\n			<p>Long Jump</p>\r\n			</td>\r\n			<td colspan=\"8\">\r\n			<p>10 Feet</p>\r\n			</td>\r\n			<td colspan=\"6\">\r\n			<p>07 Feet</p>\r\n			</td>\r\n		</tr>\r\n		<tr>\r\n			<td colspan=\"3\">\r\n			<p>Gola Fek</p>\r\n			</td>\r\n			<td colspan=\"8\">\r\n			<p>16 Pound Weight Through 14 Feet</p>\r\n			</td>\r\n			<td colspan=\"6\">\r\n			<p>12 Pound Weight Through 08 Feet</p>\r\n			</td>\r\n		</tr>\r\n		<tr>\r\n			<td colspan=\"3\">\r\n			<p>Car &amp; Jeep Driving Test</p>\r\n			</td>\r\n			<td colspan=\"14\">\r\n			<p>1 Minute 3 Gear Change for More Details Read Notification</p>\r\n			</td>\r\n		</tr>\r\n		<tr>\r\n			<td colspan=\"17\">\r\n			<p><strong><span style=\"color:rgb(255, 0, 0)\">Driving License Must be Made Before 29/11/2018</span></strong></p>\r\n			</td>\r\n		</tr>\r\n		<tr>\r\n			<td colspan=\"17\">\r\n			<p><span style=\"color:rgb(255, 0, 255)\"><strong>Interested Candidates Can Read the Full Notification Before Apply Online</strong></span></p>\r\n			</td>\r\n		</tr>\r\n		<tr>\r\n			<td colspan=\"17\">\r\n			<p><span style=\"color:rgb(0, 128, 0)\"><strong>Download Mobile Apps for the Latest Updates</strong></span></p>\r\n			</td>\r\n		</tr>\r\n		<tr>\r\n			<td colspan=\"6\">\r\n			<p><strong><a href=\"https://play.google.com/store/apps/details?id=com.app.app14f269771c01\" style=\"text-decoration-line: none;\" target=\"_blank\">Android Apps</a></strong></p>\r\n			</td>\r\n			<td colspan=\"7\">\r\n			<p><strong><a href=\"https://itunes.apple.com/us/app/sarkari-result/id1051363935?ls=1&amp;mt=8\" style=\"text-decoration-line: none;\" target=\"_blank\">Apple IOS Apps</a></strong></p>\r\n			</td>\r\n			<td colspan=\"4\">\r\n			<p><strong><a href=\"https://www.microsoft.com/en-us/store/apps/sarkari-result/9nblggh6cm69\" style=\"text-decoration-line: none;\" target=\"_blank\">Window Apps</a></strong></p>\r\n			</td>\r\n		</tr>\r\n		<tr>\r\n			<td colspan=\"17\">\r\n			<h2><span style=\"color:rgb(0, 128, 0)\"><strong>Some Useful Important Links</strong></span></h2>\r\n			</td>\r\n		</tr>\r\n		<tr>\r\n			<td colspan=\"9\">\r\n			<h2><span style=\"color:rgb(255, 0, 255)\"><strong>Apply Online</strong></span></h2>\r\n			</td>\r\n			<td colspan=\"8\">\r\n			<h2><strong><a href=\"https://apply-csbc.com/V1\" style=\"text-decoration-line: none;\" target=\"_blank\">Click Here</a></strong></h2>\r\n			</td>\r\n		</tr>\r\n		<tr>\r\n			<td colspan=\"9\">\r\n			<h2><span style=\"color:rgb(255, 0, 255)\"><strong>Download Notification</strong></span></h2>\r\n			</td>\r\n			<td colspan=\"8\">\r\n			<h2><strong><a href=\"http://csbc.bih.nic.in/Advt/Advt-05-2019-Driver-Constable.pdf\" style=\"text-decoration-line: none;\" target=\"_blank\">Click Here</a></strong></h2>\r\n			</td>\r\n		</tr>\r\n		<tr>\r\n			<td colspan=\"9\">\r\n			<h2><span style=\"color:rgb(255, 0, 255)\"><strong>Official Website</strong></span></h2>\r\n			</td>\r\n			<td colspan=\"8\">\r\n			<h2><strong><a href=\"https://www.csbcbponline.com/\" style=\"text-decoration-line: none;\" target=\"_blank\">Click Here</a></strong></h2>\r\n			</td>\r\n		</tr>\r\n	</tbody>\r\n</table>\r\n', 1, NULL, NULL, NULL, '2019-12-12', NULL, 1, NULL, 'bihar-police-driver-online-form-2019', NULL, NULL, NULL, NULL, NULL, NULL),
(96, 'SSC CHSL 10+2 Online Form 2020', 'Staff Selection Commission SSC Are Invited to Online Application Form for the Recruitment Post of CHSL in Lower Division Clerk LDC, Postal Assistant, Data Entry Operator Vacancy 2020. Those Candidates Are Interested to the Following Vacancy and Completed the All Eligibility Criteria Can Read the Full Notification Before Apply Online.', '<table border=\"1\" cellpadding=\"0\" cellspacing=\"0\" style=\"font-family:times new roman\">\r\n	<tbody>\r\n		<tr>\r\n			<td colspan=\"5\">\r\n			<p><span style=\"color:rgb(255, 0, 255)\"><strong>Staff Selection Commission (SSC)</strong></span></p>\r\n\r\n			<p><span style=\"color:rgb(0, 128, 0)\"><strong>Combined Higher Secondary Level Exam CHSL Recruitment 2020</strong></span></p>\r\n\r\n			<p><span style=\"color:rgb(255, 0, 255)\"><strong>CHSL 2019 Short Details of Notification</strong></span></p>\r\n\r\n			<p><span style=\"color:rgb(255, 0, 0)\"><strong><a href=\"http://www.sarkariresult.com/\" style=\"text-decoration-line: none;\"><span style=\"color:rgb(255, 0, 0)\">WWW.SARKARIRESULT.COM</span></a></strong></span></p>\r\n			</td>\r\n		</tr>\r\n		<tr>\r\n			<td colspan=\"3\">\r\n			<p><span style=\"color:rgb(0, 128, 0)\"><strong>Important Dates</strong></span></p>\r\n\r\n			<ul>\r\n				<li>Application Begin :<strong>03/12/2019</strong></li>\r\n				<li>Last Date For Registration :&nbsp;<span style=\"color:rgb(255, 0, 0)\"><strong>10/01/2020</strong></span></li>\r\n				<li>Online Payment Last Date :&nbsp;<strong>10/01/2020</strong></li>\r\n				<li>Online Exam Date Paper I :<strong>&nbsp;16-27 March 2020</strong></li>\r\n				<li>Paper II Exam Date :<strong>&nbsp;28/06/2020</strong></li>\r\n			</ul>\r\n			</td>\r\n			<td colspan=\"2\">\r\n			<p><span style=\"color:rgb(0, 128, 0)\"><strong>Application Fee</strong></span></p>\r\n\r\n			<ul>\r\n				<li>General / OBC :&nbsp;<strong>100/-</strong></li>\r\n				<li>SC / ST / PH :&nbsp;<strong>0/- (Nil)</strong></li>\r\n				<li>All Category Female :&nbsp;<strong>0/- (Exempted)</strong></li>\r\n				<li>Pay the Exam Fee Through Online Debit Card, Credit Card, Net Banking Fee Mode or Pay the Examination Fee Through Offline E Challan.</li>\r\n			</ul>\r\n			</td>\r\n		</tr>\r\n		<tr>\r\n			<td colspan=\"3\">\r\n			<p><span style=\"color:rgb(0, 128, 0)\"><strong>Eligibility</strong></span></p>\r\n\r\n			<ul>\r\n				<li>Must Have Passed 10+2 Intermediate Exam in Any Recognized Board in India.</li>\r\n			</ul>\r\n			</td>\r\n			<td colspan=\"2\">\r\n			<p><span style=\"color:rgb(0, 128, 0)\"><strong>Age Limit</strong></span></p>\r\n\r\n			<ul>\r\n				<li>Minimum Age :&nbsp;<strong>18</strong>&nbsp;Years</li>\r\n				<li>Maximum Age :&nbsp;<strong>27</strong>&nbsp;Years</li>\r\n				<li>Age Relaxation Extra as per Rules</li>\r\n			</ul>\r\n			</td>\r\n		</tr>\r\n		<tr>\r\n			<td colspan=\"5\">\r\n			<p><span style=\"color:rgb(255, 0, 255)\"><strong>Vacancy Post Details</strong></span></p>\r\n\r\n			<ul>\r\n				<li>Lower Division Clerk/Junior Secretariat Assistant</li>\r\n				<li>Postal Assistant/Sorting Assistant</li>\r\n				<li>Data Entry Operators (DEOs)</li>\r\n			</ul>\r\n			</td>\r\n		</tr>\r\n		<tr>\r\n			<td colspan=\"5\" style=\"text-align:center\"><span style=\"color:rgb(0, 128, 0)\"><strong>Vacancy Seat Details Will be Available Soon</strong></span></td>\r\n		</tr>\r\n		<tr>\r\n			<td colspan=\"5\">\r\n			<p><span style=\"color:rgb(255, 0, 255)\"><strong>Interested Candidate Can Read the Full Notification Before Apply Online.</strong></span></p>\r\n			</td>\r\n		</tr>\r\n		<tr>\r\n			<td colspan=\"5\">\r\n			<p><span style=\"color:rgb(0, 128, 0)\"><strong>Download Mobile Apps for the Latest Updates</strong></span></p>\r\n			</td>\r\n		</tr>\r\n		<tr>\r\n			<td>\r\n			<p><a href=\"https://play.google.com/store/apps/details?id=com.app.app14f269771c01\" style=\"text-decoration-line: none;\" target=\"_blank\"><strong>Android Apps</strong></a></p>\r\n			</td>\r\n			<td colspan=\"3\">\r\n			<p><a href=\"https://itunes.apple.com/us/app/sarkari-result/id1051363935?ls=1&amp;mt=8\" style=\"text-decoration-line: none;\" target=\"_blank\"><strong>Apple IOS Apps</strong></a></p>\r\n			</td>\r\n			<td>\r\n			<p><a href=\"https://www.microsoft.com/en-us/store/apps/sarkari-result/9nblggh6cm69\" style=\"text-decoration-line: none;\" target=\"_blank\"><strong>Window Apps</strong></a></p>\r\n			</td>\r\n		</tr>\r\n		<tr>\r\n			<td colspan=\"5\">\r\n			<h1 style=\"margin-left:0px; margin-right:0px\"><span style=\"color:rgb(0, 128, 0)\"><strong>Some Useful Important Links</strong></span></h1>\r\n			</td>\r\n		</tr>\r\n		<tr>\r\n			<td colspan=\"2\">\r\n			<h1 style=\"margin-left:0px; margin-right:0px\"><span style=\"color:rgb(255, 0, 255)\"><strong>Apply Online</strong></span></h1>\r\n			</td>\r\n			<td colspan=\"3\">\r\n			<h1 style=\"margin-left:0px; margin-right:0px\"><strong>Link Activate on 03/12/2019</strong></h1>\r\n			</td>\r\n		</tr>\r\n		<tr>\r\n			<td colspan=\"2\">\r\n			<h1 style=\"margin-left:0px; margin-right:0px\"><span style=\"color:rgb(255, 0, 255)\"><strong>Download Notification</strong></span></h1>\r\n			</td>\r\n			<td colspan=\"3\">\r\n			<h1 style=\"margin-left:0px; margin-right:0px\"><strong>Link Activate on 03/12/2019</strong></h1>\r\n			</td>\r\n		</tr>\r\n		<tr>\r\n			<td colspan=\"2\">\r\n			<h1 style=\"margin-left:0px; margin-right:0px\"><span style=\"color:rgb(255, 0, 255)\"><strong>Official Website</strong></span></h1>\r\n			</td>\r\n			<td colspan=\"3\">\r\n			<h1 style=\"margin-left:0px; margin-right:0px\"><a href=\"https://ssc.nic.in/\" style=\"text-decoration-line: none;\" target=\"_blank\"><strong>Click Here</strong></a></h1>\r\n			</td>\r\n		</tr>\r\n	</tbody>\r\n</table>\r\n', 1, NULL, NULL, NULL, '2019-12-03', NULL, 1, NULL, 'ssc-chsl-102-online-form-2020', NULL, NULL, NULL, NULL, NULL, NULL);
INSERT INTO `post` (`id`, `title`, `short_desc`, `content`, `main_category`, `child_category`, `image`, `file`, `date`, `category`, `status`, `user_id`, `slug`, `exam_date`, `website`, `total_vacancies`, `last_date_to_apply`, `admit_card`, `eligibility`) VALUES
(97, 'Indian Navy INET Various Post Online Form 2019', 'Join Indian Navy Nausena Bharti Are Recently Invited to Online Application Form for the INET Batch January 2021 Various Post of Technical, Education and Executive Batch. Those Candidate Are Interested to the Following Recruitment Can Read the Full Details Before Apply Online.', '<table border=\"1\" cellpadding=\"0\" cellspacing=\"0\" style=\"font-family:times new roman; width:706px\">\r\n	<tbody>\r\n		<tr>\r\n			<td colspan=\"10\">\r\n			<p><span style=\"color:rgb(255, 0, 255)\"><strong>Indian Navy (Nausena Bharti)</strong></span></p>\r\n\r\n			<p><span style=\"color:rgb(255, 0, 255)\"><strong><span style=\"color:rgb(0, 128, 0)\">Indian Navy Entrance Test (INET) in Various Branch Recruitment 2019</span></strong></span></p>\r\n\r\n			<p><span style=\"color:rgb(255, 0, 255)\"><strong>January 2021 Course Short Details of Notification</strong></span></p>\r\n\r\n			<p><span style=\"color:rgb(255, 0, 0)\"><strong><a href=\"http://www.sarkariresult.com/\" style=\"text-decoration-line: none;\"><span style=\"color:rgb(255, 0, 0)\">WWW.SARKARIRESULT.COM</span></a></strong></span></p>\r\n			</td>\r\n		</tr>\r\n		<tr>\r\n			<td colspan=\"6\" rowspan=\"2\">\r\n			<p><span style=\"color:rgb(0, 128, 0)\"><strong>Important Dates</strong></span></p>\r\n\r\n			<ul>\r\n				<li>Application Begin&nbsp;<strong>: 29/11/2019</strong></li>\r\n				<li>Last Date for Apply Online&nbsp;<strong>:&nbsp;<span style=\"color:rgb(255, 0, 0)\">19/12/2019</span></strong></li>\r\n				<li>Exam Date&nbsp;<strong>: February 2020</strong></li>\r\n				<li>Admit Card Available&nbsp;<strong>: January Last Week.</strong></li>\r\n				<li>Merit List Announced :<strong>&nbsp;Notified Soon</strong></li>\r\n			</ul>\r\n			</td>\r\n			<td colspan=\"4\">\r\n			<p><span style=\"color:rgb(0, 128, 0)\"><strong>Application Fee</strong></span></p>\r\n\r\n			<ul>\r\n				<li>General / OBC :&nbsp;<strong>215/-</strong></li>\r\n				<li>SC / ST/PH / Women :&nbsp;<strong>215/-</strong></li>\r\n			</ul>\r\n			</td>\r\n		</tr>\r\n		<tr>\r\n			<td colspan=\"4\">\r\n			<p><span style=\"color:rgb(0, 128, 0)\"><strong>Payment Mode</strong></span></p>\r\n\r\n			<ul>\r\n				<li>Pay the Exam Fee Through Debit Card, Credit Card, Net Banking or Pay Offline Mode Only<strong>.</strong></li>\r\n			</ul>\r\n			</td>\r\n		</tr>\r\n		<tr>\r\n			<td colspan=\"10\">\r\n			<p><span style=\"color:rgb(0, 128, 0)\"><strong>Vacancy Details&nbsp;</strong><span style=\"color:rgb(255, 0, 255)\"><strong>Total : 144 Post</strong></span></span></p>\r\n			</td>\r\n		</tr>\r\n		<tr>\r\n			<td>\r\n			<p><strong>Branch Name</strong></p>\r\n			</td>\r\n			<td>\r\n			<p><strong>Post Name</strong></p>\r\n			</td>\r\n			<td colspan=\"2\">\r\n			<p><strong>Total Post</strong></p>\r\n			</td>\r\n			<td colspan=\"3\">\r\n			<p><strong>Gender</strong></p>\r\n			</td>\r\n			<td colspan=\"2\">\r\n			<p><strong>Age</strong></p>\r\n			</td>\r\n			<td>\r\n			<p><strong>Eligibility</strong></p>\r\n			</td>\r\n		</tr>\r\n		<tr>\r\n			<td rowspan=\"8\">\r\n			<p>Executive Branch</p>\r\n			</td>\r\n			<td>\r\n			<p>SSC Armament Inspection Cadre (NIAC)</p>\r\n			</td>\r\n			<td colspan=\"2\">\r\n			<p>06</p>\r\n			</td>\r\n			<td colspan=\"3\">\r\n			<p>Male / Female</p>\r\n			</td>\r\n			<td colspan=\"2\">\r\n			<p>02/01/1996 to 01/07/2001</p>\r\n			</td>\r\n			<td>\r\n			<ul>\r\n				<li>Class 10th, 12th and Engineering Degree with Minimum 60% Marks.</li>\r\n				<li><strong>Branch Available :</strong>&nbsp;Engineering Degree in Mechanical / Electrical/Electrical &amp; Electronics/Electronics/Micro Electronics/Instrumentation/Electronics &amp; Communication/Electronics &amp; Tele Communication/Instrumentation &amp; Control/Control Engineering / Production/Industrial Production/ Industrial Engineering /Applied Electronics &amp; Instrumentation/ Electronics &amp; Instrumentation / Information Technology/Computer Science/Computer Engineering/Computer Application / Metallurgy/Metallurgical/Chemical/Material Science / Aero Space/Aeronautical Engineering / Post Graduate degree in Electronics / Physics.</li>\r\n			</ul>\r\n			</td>\r\n		</tr>\r\n		<tr>\r\n			<td>\r\n			<p>SSC ATC</p>\r\n			</td>\r\n			<td colspan=\"2\">\r\n			<p>04</p>\r\n			</td>\r\n			<td colspan=\"3\">\r\n			<p>Male / Female</p>\r\n			</td>\r\n			<td colspan=\"2\">\r\n			<p>02/01/1996 to 01/01/2000</p>\r\n			</td>\r\n			<td rowspan=\"4\">\r\n			<ul>\r\n				<li>BE /B.Tech Engineering Degree in Any Stream with 60% Marks.</li>\r\n				<li>Class 10 High School / Class 12 Intermediate Passed with 60% Marks.</li>\r\n			</ul>\r\n			</td>\r\n		</tr>\r\n		<tr>\r\n			<td>\r\n			<p>SSC Observer</p>\r\n			</td>\r\n			<td colspan=\"2\">\r\n			<p>06</p>\r\n			</td>\r\n			<td colspan=\"3\" rowspan=\"2\">\r\n			<p>Male / Female</p>\r\n			</td>\r\n			<td colspan=\"2\" rowspan=\"3\">\r\n			<p>02/01/1997 to 01/01/2002</p>\r\n			</td>\r\n		</tr>\r\n		<tr>\r\n			<td>\r\n			<p>SSC Pilot (MR)</p>\r\n			</td>\r\n			<td colspan=\"2\">\r\n			<p>03</p>\r\n			</td>\r\n		</tr>\r\n		<tr>\r\n			<td>\r\n			<p>SSC Pilot Other than MR</p>\r\n			</td>\r\n			<td colspan=\"2\">\r\n			<p>06</p>\r\n			</td>\r\n			<td colspan=\"3\">\r\n			<p>Male</p>\r\n			</td>\r\n		</tr>\r\n		<tr>\r\n			<td>\r\n			<p>SSC Logistics</p>\r\n			</td>\r\n			<td colspan=\"2\">\r\n			<p>11</p>\r\n			</td>\r\n			<td colspan=\"3\">\r\n			<p>Male / Female</p>\r\n			</td>\r\n			<td colspan=\"2\">\r\n			<p>02/01/1996 to 01/07/2001</p>\r\n			</td>\r\n			<td>\r\n			<ul>\r\n				<li>BE / B.Tech in Any Stream or MBA / MCA / M.Sc IT OR B.Sc / B.Com with PG Diploma in Finance with First Class Marks.</li>\r\n			</ul>\r\n			</td>\r\n		</tr>\r\n		<tr>\r\n			<td>\r\n			<p>SSC X IT</p>\r\n			</td>\r\n			<td colspan=\"2\">\r\n			<p>10</p>\r\n			</td>\r\n			<td colspan=\"3\">\r\n			<p>Male</p>\r\n			</td>\r\n			<td colspan=\"2\">\r\n			<p>02/01/1996 to 01/07/2001</p>\r\n			</td>\r\n			<td>\r\n			<ul>\r\n				<li>B.SC IT / MCA / M.Tech / M.SC IT / B.Tech Degree in Computer Science / IT with First Class Marks.</li>\r\n			</ul>\r\n			</td>\r\n		</tr>\r\n		<tr>\r\n			<td>\r\n			<p>SSC General Service Hydro Centre</p>\r\n			</td>\r\n			<td colspan=\"2\">\r\n			<p>30</p>\r\n			</td>\r\n			<td colspan=\"3\">\r\n			<p>Male</p>\r\n			</td>\r\n			<td colspan=\"2\">\r\n			<p>02/01/1996 to 01/07/2001</p>\r\n			</td>\r\n			<td>\r\n			<ul>\r\n				<li>BE / B.Tech in Any Stream with First Division Marks.</li>\r\n			</ul>\r\n			</td>\r\n		</tr>\r\n		<tr>\r\n			<td rowspan=\"2\">\r\n			<p><strong>Technical Branch</strong></p>\r\n			</td>\r\n			<td>\r\n			<p>SSC Engineering Branch General Service</p>\r\n			</td>\r\n			<td colspan=\"2\">\r\n			<p>26</p>\r\n			</td>\r\n			<td colspan=\"3\">\r\n			<p>Male</p>\r\n			</td>\r\n			<td colspan=\"2\">\r\n			<p>02/01/1996 to 01/07/2001</p>\r\n			</td>\r\n			<td>\r\n			<ul>\r\n				<li>BE / B.Tech Degree with 60% Marks in<strong>&nbsp;</strong>Following Branches :<strong>&nbsp;</strong>Mechanical / Marine / Instrumentation / Production / Aeronautical / Industrial Engineering &amp; Management (vii) Control Engineering / Aero Space / Automobiles / Metallurgy / Mechatronics / Instrumentation &amp; Control</li>\r\n			</ul>\r\n			</td>\r\n		</tr>\r\n		<tr>\r\n			<td>\r\n			<p>SSC Electrical Branch General Service</p>\r\n			</td>\r\n			<td colspan=\"2\">\r\n			<p>27</p>\r\n			</td>\r\n			<td colspan=\"3\">\r\n			<p>Male</p>\r\n			</td>\r\n			<td colspan=\"2\">\r\n			<p>02/01/1996 to 01/07/2001</p>\r\n			</td>\r\n			<td>\r\n			<ul>\r\n				<li>BE / B.Tech Degree with 60% Marks in<strong>&nbsp;</strong>Following Branches :<strong>&nbsp;</strong>Electronics / Tele Communication / Electronics&amp; Communication / Power Engineering / Power Electronics / Electronics &amp; Instrumentation / Instrumentation &amp; Control /Instrumentation</li>\r\n			</ul>\r\n			</td>\r\n		</tr>\r\n		<tr>\r\n			<td>\r\n			<p><strong>Education Branch</strong></p>\r\n\r\n			<p>&nbsp;</p>\r\n\r\n			<p>&nbsp;</p>\r\n			</td>\r\n			<td>\r\n			<p>SSC Education</p>\r\n			</td>\r\n			<td colspan=\"2\">\r\n			<p>15</p>\r\n			</td>\r\n			<td colspan=\"3\">\r\n			<p>Male</p>\r\n			</td>\r\n			<td colspan=\"2\">\r\n			<p>02/01/1996 to 01/01/2000</p>\r\n			</td>\r\n			<td>\r\n			<ul>\r\n				<li>First Class in M.Sc. (Maths/Operational Research) with Physics in B.Sc.&nbsp;<strong>OR</strong>&nbsp;First Class in M.Sc. (Physics/Nuclear Physics) with Maths in B.Sc.&nbsp;<strong>OR</strong>&nbsp;First Class in M.Sc. (Meteorology/Oceanology/ Atmospheric Science)&nbsp;<strong>OR</strong>&nbsp;BE / B.Tech Degree 60% Marks Computer Science/Information Technology/Computer Technology//Information Systems/Computer Engineering / Mechanical Engineering</li>\r\n				<li>For Post Eligibility Details Read Notification.</li>\r\n			</ul>\r\n			</td>\r\n		</tr>\r\n		<tr>\r\n			<td colspan=\"10\">\r\n			<p><span style=\"color:rgb(255, 0, 255)\"><strong>Interested Candidate Can Read the Full Notification Before Apply Online.</strong></span></p>\r\n			</td>\r\n		</tr>\r\n		<tr>\r\n			<td colspan=\"10\">\r\n			<p><span style=\"color:rgb(0, 128, 0)\"><strong>Download Mobile Apps for the Latest Updates</strong></span></p>\r\n			</td>\r\n		</tr>\r\n		<tr>\r\n			<td colspan=\"3\">\r\n			<p><strong><a href=\"https://play.google.com/store/apps/details?id=com.app.app14f269771c01\" style=\"text-decoration-line: none;\" target=\"_blank\">Android Apps</a></strong></p>\r\n			</td>\r\n			<td colspan=\"5\">\r\n			<p><strong><a href=\"https://itunes.apple.com/us/app/sarkari-result/id1051363935?ls=1&amp;mt=8\" style=\"text-decoration-line: none;\" target=\"_blank\">Apple IOS Apps</a></strong></p>\r\n			</td>\r\n			<td colspan=\"2\">\r\n			<p><strong><a href=\"https://www.microsoft.com/en-us/store/apps/sarkari-result/9nblggh6cm69\" style=\"text-decoration-line: none;\" target=\"_blank\">Window Apps</a></strong></p>\r\n			</td>\r\n		</tr>\r\n		<tr>\r\n			<td colspan=\"10\">\r\n			<h2><span style=\"color:rgb(0, 128, 0)\"><strong>Some Useful Important Links</strong></span></h2>\r\n			</td>\r\n		</tr>\r\n		<tr>\r\n			<td colspan=\"5\">\r\n			<h1 style=\"margin-left:0px; margin-right:0px\"><span style=\"color:rgb(255, 0, 255)\"><strong>Apply Online</strong></span></h1>\r\n			</td>\r\n			<td colspan=\"5\">\r\n			<h1 style=\"margin-left:0px; margin-right:0px\"><a href=\"https://www.joinindiannavy.gov.in/en/account/login\" style=\"text-decoration-line: none;\" target=\"_blank\"><strong>Click Here</strong></a></h1>\r\n			</td>\r\n		</tr>\r\n		<tr>\r\n			<td colspan=\"5\">\r\n			<h1 style=\"margin-left:0px; margin-right:0px\"><span style=\"color:rgb(255, 0, 255)\"><strong>Download Notification</strong></span></h1>\r\n			</td>\r\n			<td colspan=\"5\">\r\n			<h1 style=\"margin-left:0px; margin-right:0px\"><strong><a href=\"http://www.davp.nic.in/WriteReadData/ADS/eng_10701_28_1920b.pdf\" style=\"text-decoration-line: none;\" target=\"_blank\">Click Here</a></strong></h1>\r\n			</td>\r\n		</tr>\r\n		<tr>\r\n			<td colspan=\"5\">\r\n			<h1 style=\"margin-left:0px; margin-right:0px\"><span style=\"color:rgb(255, 0, 255)\"><strong>Official Website</strong></span></h1>\r\n			</td>\r\n			<td colspan=\"5\">\r\n			<h1 style=\"margin-left:0px; margin-right:0px\"><strong><a href=\"https://www.joinindiannavy.gov.in/\" style=\"text-decoration-line: none;\" target=\"_blank\">Click Here</a></strong></h1>\r\n			</td>\r\n		</tr>\r\n	</tbody>\r\n</table>\r\n', 1, NULL, NULL, NULL, '2019-12-19', NULL, 1, NULL, 'indian-navy-inet-various-post-online-form-2019', NULL, NULL, NULL, NULL, NULL, NULL),
(98, '	IDBI Bank SO Recruitment Online Form 2019', 'Life Insurance Corporation of India and IDBI Bank Are Invited to Online Application Form for the Post of Specialist Officer in LIC IDBI Bank in Pan india. Those Candidates Are Interested to the Following Recruitment and Completed the All Education and Physical Eligibility Criteria Can Read the Full Notification and Apply Online', '<table border=\"1\" cellpadding=\"0\" cellspacing=\"0\" style=\"font-family:times new roman\">\r\n	<tbody>\r\n		<tr>\r\n			<td colspan=\"8\">\r\n			<p><span style=\"color:rgb(255, 0, 255)\"><strong>IDBI Bank</strong></span></p>\r\n\r\n			<p><span style=\"color:rgb(255, 0, 255)\"><span style=\"color:rgb(0, 128, 0)\"><strong>Specialist Cadre Officer SO Recruitment 2019</strong></span></span></p>\r\n\r\n			<p><span style=\"color:rgb(255, 0, 255)\"><strong>Advt No. : 03/2019-20 Short Details of Notification</strong></span></p>\r\n\r\n			<p><span style=\"color:rgb(255, 0, 0)\"><strong><a href=\"http://www.sarkariresult.com/\" style=\"text-decoration-line: none;\"><span style=\"color:rgb(255, 0, 0)\">WWW.SARKARIRESULT.COM</span></a></strong></span></p>\r\n			</td>\r\n		</tr>\r\n		<tr>\r\n			<td colspan=\"4\">\r\n			<p><span style=\"color:rgb(0, 128, 0)\"><strong>Important Dates</strong></span></p>\r\n\r\n			<ul>\r\n				<li>Application Begin :&nbsp;<strong>28/11/2019</strong></li>\r\n				<li>Last Date for Apply Online :&nbsp;<span style=\"color:rgb(255, 0, 0)\"><strong>12/12/2019</strong></span></li>\r\n				<li>Last Date Fee Payment :&nbsp;<strong>12/12/2019</strong></li>\r\n				<li>Exam Date :&nbsp;<strong>Notified Soon</strong></li>\r\n			</ul>\r\n			</td>\r\n			<td colspan=\"4\">\r\n			<p><span style=\"color:rgb(0, 128, 0)\"><strong>Application Fee</strong></span></p>\r\n\r\n			<ul>\r\n				<li>General / OBC :&nbsp;<strong>700/-</strong></li>\r\n				<li>SC / ST : 150/-</li>\r\n				<li>PH : 0/- (Exempted)</li>\r\n				<li>Pay the Examination Fee Through Debit Card, Credit Card, Net Banking, IMPS, Cash Card, Mobile Wallet, E Challan</li>\r\n			</ul>\r\n			</td>\r\n		</tr>\r\n		<tr>\r\n			<td colspan=\"8\">\r\n			<p><span style=\"color:rgb(0, 128, 0)\"><strong>Vacancy Details&nbsp;</strong><span style=\"color:rgb(255, 0, 255)\"><strong>Total : 61 Post</strong></span></span></p>\r\n\r\n			<p><span style=\"color:rgb(0, 128, 0)\"><strong>General :&nbsp;</strong><strong><span style=\"color:rgb(255, 0, 255)\">28</span>&nbsp;</strong><strong>| OBC :&nbsp;</strong><strong><span style=\"color:rgb(255, 0, 255)\">15</span>&nbsp;|&nbsp;</strong><strong>EWS :</strong><strong><span style=\"color:rgb(255, 0, 255)\">&nbsp;05</span>&nbsp;</strong><strong>| SC :&nbsp;</strong><strong><span style=\"color:rgb(255, 0, 255)\">09</span>&nbsp;</strong><strong>| ST :&nbsp;</strong><span style=\"color:rgb(255, 0, 255)\"><strong>04</strong></span></span></p>\r\n			</td>\r\n		</tr>\r\n		<tr>\r\n			<td colspan=\"8\">\r\n			<p><span style=\"color:rgb(255, 0, 255)\"><strong>Post Wise Vacancy Details |&nbsp;<span style=\"color:rgb(0, 128, 0)\">Age Limit as on 01/11/2019</span></strong></span></p>\r\n			</td>\r\n		</tr>\r\n		<tr>\r\n			<td>\r\n			<p><strong>Post Name</strong></p>\r\n			</td>\r\n			<td colspan=\"2\">\r\n			<p><strong>Total Post</strong></p>\r\n			</td>\r\n			<td colspan=\"3\">\r\n			<p><strong>Age</strong></p>\r\n			</td>\r\n			<td colspan=\"2\">\r\n			<p><strong>Eligibility</strong></p>\r\n			</td>\r\n		</tr>\r\n		<tr>\r\n			<td style=\"text-align:center\">Agriculture Officer AO</td>\r\n			<td colspan=\"2\" style=\"text-align:center\">40</td>\r\n			<td colspan=\"3\" style=\"text-align:center\">25-35 Years</td>\r\n			<td colspan=\"2\">\r\n			<ul>\r\n				<li>Bachelor Degree with Minimum 60% Marks in Agriculture / Horticulture / Veterinary Science/ Fisheries / Dairy Technology &amp; Animal Husbandry.</li>\r\n				<li>4 Year Experience Required.</li>\r\n			</ul>\r\n			</td>\r\n		</tr>\r\n		<tr>\r\n			<td style=\"text-align:center\">Faculty - Behavioral Sciences (Organisational behavior &amp; Human Resource Management</td>\r\n			<td colspan=\"2\">\r\n			<p style=\"text-align:center\">01</p>\r\n			</td>\r\n			<td colspan=\"3\" style=\"text-align:center\">35-45 Years</td>\r\n			<td colspan=\"2\">\r\n			<ul>\r\n				<li>Master in Psychology or relevant behavior sciences/MBA in HRM</li>\r\n				<li>10 Year Experience.</li>\r\n			</ul>\r\n			</td>\r\n		</tr>\r\n		<tr>\r\n			<td style=\"text-align:center\">Fraud Risk Management -Fraud Analyst (Maker)</td>\r\n			<td colspan=\"2\">\r\n			<p style=\"text-align:center\">14</p>\r\n			</td>\r\n			<td colspan=\"3\" style=\"text-align:center\">25-35 Years</td>\r\n			<td colspan=\"2\">\r\n			<ul>\r\n				<li>Bachelor Degree in Commerce B.Com with 60% Marks.</li>\r\n				<li>4 Year Experience.</li>\r\n			</ul>\r\n			</td>\r\n		</tr>\r\n		<tr>\r\n			<td style=\"text-align:center\">Fraud Risk Management &ndash; Investigator (Checker)</td>\r\n			<td colspan=\"2\" style=\"text-align:center\">05</td>\r\n			<td colspan=\"3\" style=\"text-align:center\">28-40 Years</td>\r\n			<td colspan=\"2\">\r\n			<ul>\r\n				<li>Bachelor Degree in Commerce B.Com with 60% Marks</li>\r\n				<li>7 Year Experience.</li>\r\n			</ul>\r\n			</td>\r\n		</tr>\r\n		<tr>\r\n			<td style=\"text-align:center\">Transaction Monitoring Team &ndash;Head</td>\r\n			<td colspan=\"2\" style=\"text-align:center\">01</td>\r\n			<td colspan=\"3\" style=\"text-align:center\">35-45 Years</td>\r\n			<td colspan=\"2\">\r\n			<ul>\r\n				<li>CA / MBA / Bachelor Degree with Certified Fraud Examiner (CFE)</li>\r\n				<li>10 Year Experience.</li>\r\n			</ul>\r\n			</td>\r\n		</tr>\r\n		<tr>\r\n			<td colspan=\"8\">\r\n			<p><span style=\"color:rgb(255, 0, 255)\"><strong>Interested Candidates Can Read the Full Notification Before Apply Online</strong></span></p>\r\n			</td>\r\n		</tr>\r\n		<tr>\r\n			<td colspan=\"8\">\r\n			<p><span style=\"color:rgb(0, 128, 0)\"><strong>Download SarkariResult.Com Official Mobile Apps</strong></span></p>\r\n			</td>\r\n		</tr>\r\n		<tr>\r\n			<td colspan=\"2\">\r\n			<p><strong><a href=\"https://play.google.com/store/apps/details?id=com.app.app14f269771c01\" style=\"text-decoration-line: none;\" target=\"_blank\">Android Apps</a></strong></p>\r\n			</td>\r\n			<td colspan=\"5\">\r\n			<p><strong><a href=\"https://itunes.apple.com/us/app/sarkari-result/id1051363935?ls=1&amp;mt=8\" style=\"text-decoration-line: none;\" target=\"_blank\">Apple IOS Apps</a></strong></p>\r\n			</td>\r\n			<td>\r\n			<p><strong><a href=\"https://www.microsoft.com/en-us/store/p/sarkari-result/9nblggh6cm69\" style=\"text-decoration-line: none;\" target=\"_blank\">Window Apps</a></strong></p>\r\n			</td>\r\n		</tr>\r\n		<tr>\r\n			<td colspan=\"8\">\r\n			<h2><span style=\"color:rgb(0, 128, 0)\"><strong>Some Useful Important Links</strong></span></h2>\r\n			</td>\r\n		</tr>\r\n		<tr>\r\n			<td colspan=\"5\">\r\n			<h1 style=\"margin-left:0px; margin-right:0px\"><span style=\"color:rgb(255, 0, 255)\"><strong>Apply Online</strong></span></h1>\r\n			</td>\r\n			<td colspan=\"3\">\r\n			<h1 style=\"margin-left:0px; margin-right:0px\"><strong><a href=\"https://ibpsonline.ibps.in/idbibksnov19/basic_details.php\" style=\"text-decoration-line: none;\" target=\"_blank\">Registration</a>&nbsp;|&nbsp;<a href=\"https://ibpsonline.ibps.in/idbibksnov19/\" style=\"text-decoration-line: none;\" target=\"_blank\">Login</a></strong></h1>\r\n			</td>\r\n		</tr>\r\n		<tr>\r\n			<td colspan=\"5\">\r\n			<h1 style=\"margin-left:0px; margin-right:0px\"><span style=\"color:rgb(255, 0, 255)\"><strong>Download Notification</strong></span></h1>\r\n			</td>\r\n			<td colspan=\"3\">\r\n			<h1 style=\"margin-left:0px; margin-right:0px\"><strong><a href=\"https://www.idbibank.in/pdf/careers/Recruitment-of-Specialist-Officers.pdf\" style=\"text-decoration-line: none;\" target=\"_blank\">Click Here</a></strong></h1>\r\n			</td>\r\n		</tr>\r\n		<tr>\r\n			<td colspan=\"5\">\r\n			<h1 style=\"margin-left:0px; margin-right:0px\"><span style=\"color:rgb(255, 0, 255)\"><strong>Official Website</strong></span></h1>\r\n			</td>\r\n			<td colspan=\"3\">\r\n			<h1 style=\"margin-left:0px; margin-right:0px\"><strong><a href=\"https://www.idbibank.in/idbi-bank-careers-current-openings.asp\" style=\"text-decoration-line: none;\" target=\"_blank\">Click Here</a></strong></h1>\r\n			</td>\r\n		</tr>\r\n	</tbody>\r\n</table>\r\n', 1, NULL, NULL, NULL, '2019-12-26', NULL, 1, NULL, 'idbi-bank-so-recruitment-online-form-2019', NULL, NULL, NULL, NULL, NULL, NULL),
(99, 'PGCIL Diploma Trainee Online Form 2019', 'Power Grid Corporation of India Limited Recruitment 2019 Online Are Invited Online Application Form for the PGCIL Diploma Trainee Online Form 2019 -2020. Those Candidates Are Interested to the Following Vacancy and Completed the All Eligibility Criteria Can Read the Full Notification and Apply Online.', '<table border=\"1\" cellpadding=\"0\" cellspacing=\"0\" style=\"font-family:times new roman\">\r\n	<tbody>\r\n		<tr>\r\n			<td colspan=\"12\">\r\n			<p><span style=\"color:rgb(0, 128, 0)\"><strong>Power Grid Corporation of India Limited (PGCIL)</strong></span></p>\r\n\r\n			<p><span style=\"color:rgb(255, 0, 255)\"><strong>Electrical / Civil Diploma Trainee Recruitment 2019</strong></span></p>\r\n\r\n			<p><span style=\"color:rgb(0, 128, 0)\"><strong>PGCIL Advt No. : NR-I/03/2019/DT Short Details of Notification</strong></span></p>\r\n\r\n			<p><span style=\"color:rgb(255, 0, 0)\"><a href=\"https://www.sarkariresult.com/\" style=\"text-decoration-line: none;\"><span style=\"color:rgb(255, 0, 0)\"><strong>WWW.SARKARIRESULT.COM</strong></span></a></span></p>\r\n			</td>\r\n		</tr>\r\n		<tr>\r\n			<td colspan=\"8\" rowspan=\"2\">\r\n			<p><span style=\"color:rgb(0, 128, 0)\"><strong>Important Dates</strong></span></p>\r\n\r\n			<ul>\r\n				<li>Application Begin&nbsp;<strong>: 26/11/2019</strong></li>\r\n				<li>Last Date for Apply Online&nbsp;<strong>:&nbsp;<span style=\"color:rgb(255, 0, 0)\">06/12/2019</span></strong></li>\r\n				<li>Last Date Pay Exam Fees:&nbsp;<strong>06/12/2019</strong></li>\r\n				<li>Exam Date<strong>: Notified Soon</strong></li>\r\n				<li>Admit Card Available&nbsp;<strong>: Notified Soon</strong></li>\r\n			</ul>\r\n			</td>\r\n			<td colspan=\"4\">\r\n			<p><span style=\"color:rgb(0, 128, 0)\"><strong>Application Fee</strong></span></p>\r\n\r\n			<ul>\r\n				<li>General / OBC/ EWS :&nbsp;<strong>300/-</strong></li>\r\n				<li>SC / ST / PH :&nbsp;<strong>0/-</strong></li>\r\n			</ul>\r\n			</td>\r\n		</tr>\r\n		<tr>\r\n			<td colspan=\"4\">\r\n			<p><span style=\"color:rgb(0, 128, 0)\"><strong>Payment Mode</strong></span></p>\r\n\r\n			<ul>\r\n				<li>Pay the Examination Fee Through Debit Card, Credit Card, Net Banking, E Challan</li>\r\n			</ul>\r\n			</td>\r\n		</tr>\r\n		<tr>\r\n			<td colspan=\"12\">\r\n			<p><span style=\"color:rgb(255, 0, 255)\"><strong>Vacancy Details&nbsp;</strong></span><span style=\"color:rgb(255, 0, 255)\"><strong>Total : 35 Post</strong></span><strong><span style=\"color:rgb(255, 0, 255)\">&nbsp;</span><span style=\"color:rgb(255, 0, 0)\">|</span>&nbsp;<span style=\"color:rgb(0, 128, 0)\">Age Limit as on&nbsp;</span></strong><span style=\"color:rgb(0, 128, 0)\"><strong>16/12/2019</strong></span></p>\r\n			</td>\r\n		</tr>\r\n		<tr>\r\n			<td>\r\n			<p><strong>Post Name</strong></p>\r\n			</td>\r\n			<td>\r\n			<p><strong>Gen</strong></p>\r\n			</td>\r\n			<td>\r\n			<p><strong>OBC</strong></p>\r\n			</td>\r\n			<td colspan=\"2\">\r\n			<p><strong>EWS</strong></p>\r\n			</td>\r\n			<td>\r\n			<p><strong>SC</strong></p>\r\n			</td>\r\n			<td colspan=\"2\">\r\n			<p><strong>ST</strong></p>\r\n			</td>\r\n			<td>\r\n			<p><strong>Total</strong></p>\r\n			</td>\r\n			<td colspan=\"2\">\r\n			<p><strong>Age Limit</strong></p>\r\n			</td>\r\n			<td>\r\n			<p><strong>Eligibility</strong></p>\r\n			</td>\r\n		</tr>\r\n		<tr>\r\n			<td>\r\n			<p><strong>Diploma Trainee (Electrical)</strong></p>\r\n			</td>\r\n			<td>\r\n			<p>14</p>\r\n			</td>\r\n			<td>\r\n			<p>07</p>\r\n			</td>\r\n			<td colspan=\"2\">\r\n			<p>02</p>\r\n			</td>\r\n			<td>\r\n			<p>06</p>\r\n			</td>\r\n			<td colspan=\"2\">\r\n			<p>01</p>\r\n			</td>\r\n			<td>\r\n			<p>30</p>\r\n			</td>\r\n			<td colspan=\"2\">\r\n			<p>Max. 27</p>\r\n			</td>\r\n			<td>\r\n			<ul>\r\n				<li>3 Year Engineering Diploma in Electrical/ Electrical (Power)/ Electrical and Electronics/ Power Systems Engineering/ Power Engineering (Electrical)</li>\r\n				<li>70% Marks for General / OBC / EWS</li>\r\n				<li>Pass Only for SC / ST</li>\r\n			</ul>\r\n			</td>\r\n		</tr>\r\n		<tr>\r\n			<td>\r\n			<p><strong>Diploma Trainee (Civil)</strong></p>\r\n\r\n			<p>&nbsp;</p>\r\n			</td>\r\n			<td>\r\n			<p>03</p>\r\n			</td>\r\n			<td>\r\n			<p>01</p>\r\n			</td>\r\n			<td colspan=\"2\">\r\n			<p>0</p>\r\n			</td>\r\n			<td>\r\n			<p>01</p>\r\n			</td>\r\n			<td colspan=\"2\">\r\n			<p>0</p>\r\n			</td>\r\n			<td>\r\n			<p>05</p>\r\n			</td>\r\n			<td colspan=\"2\">\r\n			<p>Max. 27</p>\r\n			</td>\r\n			<td>\r\n			<ul>\r\n				<li>3 Year Engineering Diploma in Civil</li>\r\n				<li>70% Marks for General / OBC / EWS</li>\r\n				<li>Pass Only for SC / ST</li>\r\n			</ul>\r\n			</td>\r\n		</tr>\r\n		<tr>\r\n			<td colspan=\"12\">\r\n			<p><span style=\"color:rgb(0, 128, 0)\"><strong>Examination Centre</strong></span></p>\r\n\r\n			<ul>\r\n				<li>Delhi</li>\r\n				<li>Jaipur (Rajasthan)</li>\r\n				<li>Dehradun (Uttarakhand)</li>\r\n			</ul>\r\n			</td>\r\n		</tr>\r\n		<tr>\r\n			<td colspan=\"12\">\r\n			<p><span style=\"color:rgb(255, 0, 255)\"><strong>Interested Candidate Can Read the Full Notification Before Apply Online.</strong></span></p>\r\n			</td>\r\n		</tr>\r\n		<tr>\r\n			<td colspan=\"12\">\r\n			<p><span style=\"color:rgb(0, 128, 0)\"><strong>Download Mobile Apps for the Latest Updates</strong></span></p>\r\n			</td>\r\n		</tr>\r\n		<tr>\r\n			<td colspan=\"4\">\r\n			<p><a href=\"https://play.google.com/store/apps/details?id=com.app.app14f269771c01\" style=\"text-decoration-line: none;\" target=\"_blank\"><strong>Android Apps</strong></a></p>\r\n			</td>\r\n			<td colspan=\"6\">\r\n			<p><a href=\"https://play.google.com/store/apps/details?id=com.app.app14f269771c01\" style=\"text-decoration-line: none;\" target=\"_blank\"><strong>Apple IOS Apps</strong></a></p>\r\n			</td>\r\n			<td colspan=\"2\">\r\n			<p><a href=\"https://www.microsoft.com/en-us/store/apps/sarkari-result/9nblggh6cm69\" style=\"text-decoration-line: none;\" target=\"_blank\"><strong>Window Apps</strong></a></p>\r\n			</td>\r\n		</tr>\r\n		<tr>\r\n			<td colspan=\"12\">\r\n			<p><span style=\"color:rgb(0, 128, 0)\"><strong>Some Useful Important Links</strong></span></p>\r\n			</td>\r\n		</tr>\r\n		<tr>\r\n			<td colspan=\"7\">\r\n			<p><span style=\"color:rgb(255, 0, 255)\"><strong>Apply Online</strong></span></p>\r\n			</td>\r\n			<td colspan=\"5\">\r\n			<p><strong><a href=\"https://careers.powergrid.in/Nr1DtRecruitment2019/t/default.aspx\" style=\"text-decoration-line: none;\" target=\"_blank\">Click Here</a></strong></p>\r\n			</td>\r\n		</tr>\r\n		<tr>\r\n			<td colspan=\"7\">\r\n			<p><span style=\"color:rgb(255, 0, 255)\"><strong>Candidate Login</strong></span></p>\r\n			</td>\r\n			<td colspan=\"5\">\r\n			<p><strong><a href=\"https://careers.powergrid.in/Nr1DtRecruitment2019/t/login.aspx\" style=\"text-decoration-line: none;\" target=\"_blank\">Click Here</a></strong></p>\r\n			</td>\r\n		</tr>\r\n		<tr>\r\n			<td colspan=\"7\">\r\n			<p><span style=\"color:rgb(255, 0, 255)\"><strong>Download Notification</strong></span></p>\r\n			</td>\r\n			<td colspan=\"5\">\r\n			<p><a href=\"https://www.powergridindia.com/sites/default/files/Detailed%20Advertisement%20Diploma%20Trainee%202019.pdf\" style=\"text-decoration-line: none;\" target=\"_blank\"><strong>Click Here</strong></a></p>\r\n			</td>\r\n		</tr>\r\n		<tr>\r\n			<td colspan=\"7\">\r\n			<p><span style=\"color:rgb(255, 0, 255)\"><strong>Official Website</strong></span></p>\r\n			</td>\r\n			<td colspan=\"5\">\r\n			<p><a href=\"https://www.powergridindia.com/\" style=\"text-decoration-line: none;\" target=\"_blank\"><strong>Click Here</strong></a></p>\r\n			</td>\r\n		</tr>\r\n	</tbody>\r\n</table>\r\n\r\n<p><span style=\"color:rgb(0, 0, 0); font-family:times new roman; font-size:20px\">&nbsp;</span></p>\r\n', 1, NULL, NULL, NULL, '2019-12-14', NULL, 1, NULL, 'pgcil-diploma-trainee-online-form-2019', NULL, NULL, NULL, NULL, NULL, NULL),
(100, 'Naval Dockyard Trade Apprentice Online Form 2019', 'Naval Dockyard Online Are Invited to Online Application Form for the Post of Trade Apprentice Vacancy 2019. Those Candidates Are Interested to the Following Recruitment and Completed the All Education and Physical Eligibility Criteria Can Read the Full Notification and Apply Online', '<table border=\"1\" cellpadding=\"0\" cellspacing=\"0\" style=\"font-family:times new roman\">\r\n	<tbody>\r\n		<tr>\r\n			<td colspan=\"13\">\r\n			<p><span style=\"color:rgb(0, 128, 0)\"><strong>Naval Dockyard Various Post Apprentice Recruitment 2019</strong></span></p>\r\n\r\n			<p><span style=\"color:rgb(255, 0, 255)\"><strong>Short Details of Notification</strong></span></p>\r\n\r\n			<p><span style=\"color:rgb(255, 0, 0)\"><strong><a href=\"https://www.sarkariresult.com/\" style=\"text-decoration-line: none;\"><span style=\"color:rgb(255, 0, 0)\">WWW.SARKARIRESULT.COM</span></a></strong></span></p>\r\n			</td>\r\n		</tr>\r\n		<tr>\r\n			<td colspan=\"6\">\r\n			<p><span style=\"color:rgb(0, 128, 0)\"><strong>Important Dates</strong></span></p>\r\n\r\n			<ul>\r\n				<li>Application Begin :&nbsp;<strong>November 2019</strong></li>\r\n				<li>Last Date for Apply Online :&nbsp;<span style=\"color:rgb(255, 0, 0)\"><strong>05/12/2019</strong></span></li>\r\n				<li>Examination Date :&nbsp;<strong>29/01/2020</strong></li>\r\n				<li>Result Declared :&nbsp;<strong>31/01/2020</strong></li>\r\n			</ul>\r\n			</td>\r\n			<td colspan=\"7\">\r\n			<p><span style=\"color:rgb(0, 128, 0)\"><strong>Application Fee</strong></span></p>\r\n\r\n			<ul>\r\n				<li>Rs. 0/- No Application Fees for the All Category Male / Female Candidates Can Only Apply Fill the Online Registration Form.</li>\r\n			</ul>\r\n			</td>\r\n		</tr>\r\n		<tr>\r\n			<td colspan=\"13\">\r\n			<p><span style=\"color:rgb(0, 128, 0)\"><strong>Vacancy Details&nbsp;</strong></span><span style=\"color:rgb(255, 0, 0)\"><strong>Total : 275</strong></span></p>\r\n\r\n			<p><span style=\"color:rgb(0, 128, 0)\"><strong>General : 115 | OBC : 75 | SC : 49 | ST : 18 | EWS : 28</strong></span></p>\r\n			</td>\r\n		</tr>\r\n		<tr>\r\n			<td>\r\n			<p><span style=\"color:rgb(255, 0, 255)\"><strong>Post Name</strong></span></p>\r\n			</td>\r\n			<td colspan=\"2\">\r\n			<p><span style=\"color:rgb(255, 0, 255)\"><strong>Total Post</strong></span></p>\r\n			</td>\r\n			<td colspan=\"10\">\r\n			<p><span style=\"color:rgb(255, 0, 255)\"><strong>Eligibility</strong></span></p>\r\n			</td>\r\n		</tr>\r\n		<tr>\r\n			<td>\r\n			<p>Trade Apprentice</p>\r\n			</td>\r\n			<td colspan=\"2\">\r\n			<p>275</p>\r\n			</td>\r\n			<td colspan=\"10\">\r\n			<ul>\r\n				<li>Eligibility : Class 10 Passed with 50% marks and 2 Year ITI Certificated with 65% marks in Related Trade / Stream.</li>\r\n				<li><strong>Age Between:</strong>&nbsp;As on 01 April 2019</li>\r\n				<li>General / OBC: Between 01/04/1999 to 01/04/2006</li>\r\n				<li>SC / ST Between: 01 April 1994 to 01 April 2006</li>\r\n			</ul>\r\n			</td>\r\n		</tr>\r\n		<tr>\r\n			<td colspan=\"13\">\r\n			<p><span style=\"color:rgb(0, 128, 0)\"><strong>Trade Wise Vacancy Details</strong></span></p>\r\n			</td>\r\n		</tr>\r\n		<tr>\r\n			<td colspan=\"2\">\r\n			<p><strong>Trade Name</strong></p>\r\n			</td>\r\n			<td colspan=\"3\">\r\n			<p><strong>General</strong></p>\r\n			</td>\r\n			<td colspan=\"2\">\r\n			<p><strong>OBC</strong></p>\r\n			</td>\r\n			<td colspan=\"2\">\r\n			<p><strong>EWS</strong></p>\r\n			</td>\r\n			<td colspan=\"2\">\r\n			<p><strong>SC</strong></p>\r\n			</td>\r\n			<td>\r\n			<p><strong>ST</strong></p>\r\n			</td>\r\n			<td>\r\n			<p><strong>Total</strong></p>\r\n			</td>\r\n		</tr>\r\n		<tr>\r\n			<td colspan=\"2\">\r\n			<p>Electrician</p>\r\n			</td>\r\n			<td colspan=\"3\">\r\n			<p>12</p>\r\n			</td>\r\n			<td colspan=\"2\">\r\n			<p>08</p>\r\n			</td>\r\n			<td colspan=\"2\">\r\n			<p>03</p>\r\n			</td>\r\n			<td colspan=\"2\">\r\n			<p>04</p>\r\n			</td>\r\n			<td>\r\n			<p>02</p>\r\n			</td>\r\n			<td>\r\n			<p>29</p>\r\n			</td>\r\n		</tr>\r\n		<tr>\r\n			<td colspan=\"2\">\r\n			<p>Fitter</p>\r\n			</td>\r\n			<td colspan=\"3\">\r\n			<p>12</p>\r\n			</td>\r\n			<td colspan=\"2\">\r\n			<p>08</p>\r\n			</td>\r\n			<td colspan=\"2\">\r\n			<p>03</p>\r\n			</td>\r\n			<td colspan=\"2\">\r\n			<p>04</p>\r\n			</td>\r\n			<td>\r\n			<p>02</p>\r\n			</td>\r\n			<td>\r\n			<p>29</p>\r\n			</td>\r\n		</tr>\r\n		<tr>\r\n			<td colspan=\"2\">\r\n			<p>Machinist</p>\r\n			</td>\r\n			<td colspan=\"3\">\r\n			<p>08</p>\r\n			</td>\r\n			<td colspan=\"2\">\r\n			<p>05</p>\r\n			</td>\r\n			<td colspan=\"2\">\r\n			<p>02</p>\r\n			</td>\r\n			<td colspan=\"2\">\r\n			<p>03</p>\r\n			</td>\r\n			<td>\r\n			<p>01</p>\r\n			</td>\r\n			<td>\r\n			<p>19</p>\r\n			</td>\r\n		</tr>\r\n		<tr>\r\n			<td colspan=\"2\">\r\n			<p>Instrument Mechanic</p>\r\n			</td>\r\n			<td colspan=\"3\">\r\n			<p>06</p>\r\n			</td>\r\n			<td colspan=\"2\">\r\n			<p>04</p>\r\n			</td>\r\n			<td colspan=\"2\">\r\n			<p>02</p>\r\n			</td>\r\n			<td colspan=\"2\">\r\n			<p>02</p>\r\n			</td>\r\n			<td>\r\n			<p>01</p>\r\n			</td>\r\n			<td>\r\n			<p>15</p>\r\n			</td>\r\n		</tr>\r\n		<tr>\r\n			<td colspan=\"2\">\r\n			<p>Welder (Gas &amp; Electric)</p>\r\n			</td>\r\n			<td colspan=\"3\">\r\n			<p>10</p>\r\n			</td>\r\n			<td colspan=\"2\">\r\n			<p>06</p>\r\n			</td>\r\n			<td colspan=\"2\">\r\n			<p>02</p>\r\n			</td>\r\n			<td colspan=\"2\">\r\n			<p>03</p>\r\n			</td>\r\n			<td>\r\n			<p>02</p>\r\n			</td>\r\n			<td>\r\n			<p>23</p>\r\n			</td>\r\n		</tr>\r\n		<tr>\r\n			<td colspan=\"2\">\r\n			<p>Painter (General)</p>\r\n			</td>\r\n			<td colspan=\"3\">\r\n			<p>06</p>\r\n			</td>\r\n			<td colspan=\"2\">\r\n			<p>04</p>\r\n			</td>\r\n			<td colspan=\"2\">\r\n			<p>02</p>\r\n			</td>\r\n			<td colspan=\"2\">\r\n			<p>02</p>\r\n			</td>\r\n			<td>\r\n			<p>01</p>\r\n			</td>\r\n			<td>\r\n			<p>15</p>\r\n			</td>\r\n		</tr>\r\n		<tr>\r\n			<td colspan=\"2\">\r\n			<p>R &amp; A/C Mechanic</p>\r\n			</td>\r\n			<td colspan=\"3\">\r\n			<p>08</p>\r\n			</td>\r\n			<td colspan=\"2\">\r\n			<p>05</p>\r\n			</td>\r\n			<td colspan=\"2\">\r\n			<p>02</p>\r\n			</td>\r\n			<td colspan=\"2\">\r\n			<p>03</p>\r\n			</td>\r\n			<td>\r\n			<p>01</p>\r\n			</td>\r\n			<td>\r\n			<p>19</p>\r\n			</td>\r\n		</tr>\r\n		<tr>\r\n			<td colspan=\"2\">\r\n			<p>Electronics Mechanic</p>\r\n			</td>\r\n			<td colspan=\"3\">\r\n			<p>13</p>\r\n			</td>\r\n			<td colspan=\"2\">\r\n			<p>09</p>\r\n			</td>\r\n			<td colspan=\"2\">\r\n			<p>03</p>\r\n			</td>\r\n			<td colspan=\"2\">\r\n			<p>05</p>\r\n			</td>\r\n			<td>\r\n			<p>02</p>\r\n			</td>\r\n			<td>\r\n			<p>32</p>\r\n			</td>\r\n		</tr>\r\n		<tr>\r\n			<td colspan=\"2\">\r\n			<p>Carpenter</p>\r\n			</td>\r\n			<td colspan=\"3\">\r\n			<p>10</p>\r\n			</td>\r\n			<td colspan=\"2\">\r\n			<p>06</p>\r\n			</td>\r\n			<td colspan=\"2\">\r\n			<p>02</p>\r\n			</td>\r\n			<td colspan=\"2\">\r\n			<p>03</p>\r\n			</td>\r\n			<td>\r\n			<p>02</p>\r\n			</td>\r\n			<td>\r\n			<p>23</p>\r\n			</td>\r\n		</tr>\r\n		<tr>\r\n			<td colspan=\"2\">\r\n			<p>Sheet Metal Worker</p>\r\n			</td>\r\n			<td colspan=\"3\">\r\n			<p>12</p>\r\n			</td>\r\n			<td colspan=\"2\">\r\n			<p>08</p>\r\n			</td>\r\n			<td colspan=\"2\">\r\n			<p>03</p>\r\n			</td>\r\n			<td colspan=\"2\">\r\n			<p>04</p>\r\n			</td>\r\n			<td>\r\n			<p>02</p>\r\n			</td>\r\n			<td>\r\n			<p>29</p>\r\n			</td>\r\n		</tr>\r\n		<tr>\r\n			<td colspan=\"2\">\r\n			<p>Pipe Fitter</p>\r\n			</td>\r\n			<td colspan=\"3\">\r\n			<p>09</p>\r\n			</td>\r\n			<td colspan=\"2\">\r\n			<p>06</p>\r\n			</td>\r\n			<td colspan=\"2\">\r\n			<p>02</p>\r\n			</td>\r\n			<td colspan=\"2\">\r\n			<p>03</p>\r\n			</td>\r\n			<td>\r\n			<p>01</p>\r\n			</td>\r\n			<td>\r\n			<p>21</p>\r\n			</td>\r\n		</tr>\r\n		<tr>\r\n			<td colspan=\"2\">\r\n			<p>Foundry Man</p>\r\n			</td>\r\n			<td colspan=\"3\">\r\n			<p>03</p>\r\n			</td>\r\n			<td colspan=\"2\">\r\n			<p>02</p>\r\n			</td>\r\n			<td colspan=\"2\">\r\n			<p>01</p>\r\n			</td>\r\n			<td colspan=\"2\">\r\n			<p>01</p>\r\n			</td>\r\n			<td>\r\n			<p>00</p>\r\n			</td>\r\n			<td>\r\n			<p>07</p>\r\n			</td>\r\n		</tr>\r\n		<tr>\r\n			<td colspan=\"2\">\r\n			<p>Mechanic (Diesel)</p>\r\n			</td>\r\n			<td colspan=\"3\">\r\n			<p>06</p>\r\n			</td>\r\n			<td colspan=\"2\">\r\n			<p>04</p>\r\n			</td>\r\n			<td colspan=\"2\">\r\n			<p>01</p>\r\n			</td>\r\n			<td colspan=\"2\">\r\n			<p>02</p>\r\n			</td>\r\n			<td>\r\n			<p>01</p>\r\n			</td>\r\n			<td>\r\n			<p>14</p>\r\n			</td>\r\n		</tr>\r\n		<tr>\r\n			<td colspan=\"13\">\r\n			<p><span style=\"color:rgb(255, 0, 255)\"><strong>Interested Candidates Can Read the Full Notification Before Apply Online</strong></span></p>\r\n			</td>\r\n		</tr>\r\n		<tr>\r\n			<td colspan=\"13\">\r\n			<p><span style=\"color:rgb(0, 128, 0)\"><strong>Download Mobile Apps for the Latest Updates</strong></span></p>\r\n			</td>\r\n		</tr>\r\n		<tr>\r\n			<td colspan=\"4\">\r\n			<p><a href=\"https://play.google.com/store/apps/details?id=com.app.app14f269771c01\" style=\"text-decoration-line: none;\" target=\"_blank\"><strong>Android Apps</strong></a></p>\r\n			</td>\r\n			<td colspan=\"6\">\r\n			<p><a href=\"https://itunes.apple.com/us/app/sarkari-result/id1051363935?ls=1&amp;mt=8\" style=\"text-decoration-line: none;\" target=\"_blank\"><strong>Apple IOS Apps</strong></a></p>\r\n			</td>\r\n			<td colspan=\"3\">\r\n			<p><a href=\"https://www.microsoft.com/en-us/store/p/sarkari-result/9nblggh6cm69\" style=\"text-decoration-line: none;\" target=\"_blank\"><strong>Window Apps</strong></a></p>\r\n			</td>\r\n		</tr>\r\n		<tr>\r\n			<td colspan=\"13\">\r\n			<p><span style=\"color:rgb(0, 128, 0)\"><strong>Some Useful Important Links</strong></span></p>\r\n			</td>\r\n		</tr>\r\n		<tr>\r\n			<td colspan=\"8\">\r\n			<p><span style=\"color:rgb(255, 0, 255)\"><strong>Apply Online</strong></span></p>\r\n			</td>\r\n			<td colspan=\"5\">\r\n			<p><a href=\"https://apprenticeship.gov.in/pages/Apprenticeship/home.aspx\" style=\"text-decoration-line: none;\" target=\"_blank\"><strong>Click Here</strong></a></p>\r\n			</td>\r\n		</tr>\r\n		<tr>\r\n			<td colspan=\"8\">\r\n			<p><span style=\"color:rgb(255, 0, 255)\"><strong>Download Notification</strong></span></p>\r\n			</td>\r\n			<td colspan=\"5\">\r\n			<p><a href=\"https://sarkariresult.com/upload/Naval-Dockyard-SarkariResult.Com.pdf\" style=\"text-decoration-line: none;\" target=\"_blank\"><strong>Click Here</strong></a></p>\r\n			</td>\r\n		</tr>\r\n		<tr>\r\n			<td colspan=\"8\">\r\n			<p><span style=\"color:rgb(255, 0, 255)\"><strong>Official Website</strong></span></p>\r\n			</td>\r\n			<td colspan=\"5\">\r\n			<p><a href=\"https://apprenticeship.gov.in/pages/Apprenticeship/home.aspx\" style=\"text-decoration-line: none;\" target=\"_blank\"><strong>Click Here</strong></a></p>\r\n			</td>\r\n		</tr>\r\n	</tbody>\r\n</table>\r\n', 1, NULL, NULL, NULL, '2019-12-10', NULL, 1, NULL, 'naval-dockyard-trade-apprentice-online-form-2019', NULL, NULL, NULL, NULL, NULL, NULL);
INSERT INTO `post` (`id`, `title`, `short_desc`, `content`, `main_category`, `child_category`, `image`, `file`, `date`, `category`, `status`, `user_id`, `slug`, `exam_date`, `website`, `total_vacancies`, `last_date_to_apply`, `admit_card`, `eligibility`) VALUES
(101, 'RBI Grade B Recruitment 2019 Result with Marks 2019', 'Reserve Bank of India RBI Grade B Various Post Recruitment Under 01/2019 RBI Are Invited to Online Application Recruitment Form. Those Graduate Candidates Are Interested to the Following Vacancies Can Read the Full Details Before Apply Online.', '<table border=\"1\" cellpadding=\"0\" cellspacing=\"0\" style=\"font-family:times new roman\">\r\n	<tbody>\r\n		<tr>\r\n			<td colspan=\"11\">\r\n			<h2><span style=\"color:rgb(255, 0, 255)\"><strong>Reserve Bank of India (RBI)</strong></span></h2>\r\n\r\n			<h2><span style=\"color:rgb(0, 128, 0)\"><strong>Officers in Grade B Recruitment 2018</strong></span></h2>\r\n\r\n			<h2><span style=\"color:rgb(255, 0, 255)\"><strong>Advt No. : 01A/2019-20 Short Details of Notification</strong></span></h2>\r\n\r\n			<h2><span style=\"color:rgb(255, 0, 0)\"><strong><a href=\"http://www.sarkariresult.com/\" style=\"text-decoration-line: none;\"><span style=\"color:rgb(255, 0, 0)\">WWW.SARKARIRESULT.COM</span></a></strong></span></h2>\r\n			</td>\r\n		</tr>\r\n		<tr>\r\n			<td colspan=\"7\">\r\n			<h2><span style=\"color:rgb(0, 128, 0)\"><strong>Important Dates</strong></span></h2>\r\n\r\n			<ul>\r\n				<li>Application Begin :&nbsp;<strong>21/09/2019</strong></li>\r\n				<li>Last Date for Apply Online :&nbsp;<span style=\"color:rgb(255, 0, 0)\"><strong>11/10/2019</strong></span></li>\r\n				<li>Last Date Pay Exam Fee :&nbsp;<strong>11/10/2019</strong></li>\r\n				<li>Exam Date Paper I :&nbsp;<strong>09/11/2019</strong></li>\r\n				<li>Result for Paper I :&nbsp;<strong>18/11/2019</strong></li>\r\n				<li>Marks for Paper I :&nbsp;<strong>02/12/2019</strong></li>\r\n				<li>Exam Date Paper II :&nbsp;<strong>01-02 December 2019</strong></li>\r\n			</ul>\r\n			</td>\r\n			<td colspan=\"4\">\r\n			<h2><span style=\"color:rgb(0, 128, 0)\"><strong>Application Fee</strong></span></h2>\r\n\r\n			<ul>\r\n				<li>General / OBC :&nbsp;<strong>850/-</strong></li>\r\n				<li>SC / ST / PH :&nbsp;<strong>100/-</strong></li>\r\n				<li>Pay the Exam Fee Through Debit Card, Credit Card, Net Banking, E Wallet, Cash Card Mode Only</li>\r\n			</ul>\r\n			</td>\r\n		</tr>\r\n		<tr>\r\n			<td colspan=\"11\">\r\n			<h2><span style=\"color:rgb(0, 128, 0)\"><strong>Vacancy Details</strong><span style=\"color:rgb(255, 0, 255)\"><strong>&nbsp;Total : 199 Post</strong></span></span></h2>\r\n			</td>\r\n		</tr>\r\n		<tr>\r\n			<td>\r\n			<p><strong>Post Name</strong></p>\r\n			</td>\r\n			<td>\r\n			<p><strong>Gen</strong></p>\r\n			</td>\r\n			<td colspan=\"2\">\r\n			<p><strong>OBC</strong></p>\r\n			</td>\r\n			<td>\r\n			<p><strong>EWS</strong></p>\r\n			</td>\r\n			<td colspan=\"2\">\r\n			<p><strong>SC</strong></p>\r\n			</td>\r\n			<td>\r\n			<p><strong>ST</strong></p>\r\n			</td>\r\n			<td colspan=\"2\">\r\n			<p><strong>Total</strong></p>\r\n			</td>\r\n			<td>\r\n			<p><strong>Eligibility</strong></p>\r\n			</td>\r\n		</tr>\r\n		<tr>\r\n			<td>\r\n			<p>Officer Grade B (General)</p>\r\n			</td>\r\n			<td>\r\n			<p>65</p>\r\n			</td>\r\n			<td colspan=\"2\">\r\n			<p>40</p>\r\n			</td>\r\n			<td>\r\n			<p>15</p>\r\n			</td>\r\n			<td colspan=\"2\">\r\n			<p>25</p>\r\n			</td>\r\n			<td>\r\n			<p>11</p>\r\n			</td>\r\n			<td colspan=\"2\">\r\n			<p>156</p>\r\n			</td>\r\n			<td>\r\n			<ul>\r\n				<li>Minimum 60% Marks in Bachelor Degree, Class 12 and Class 10 Exam.</li>\r\n				<li>For SC / ST : 50% Marks</li>\r\n			</ul>\r\n			</td>\r\n		</tr>\r\n		<tr>\r\n			<td>\r\n			<p>Officer Grade B (DEPR)</p>\r\n			</td>\r\n			<td>\r\n			<p>09</p>\r\n			</td>\r\n			<td colspan=\"2\">\r\n			<p>05</p>\r\n			</td>\r\n			<td>\r\n			<p>02</p>\r\n			</td>\r\n			<td colspan=\"2\">\r\n			<p>03</p>\r\n			</td>\r\n			<td>\r\n			<p>01</p>\r\n			</td>\r\n			<td colspan=\"2\">\r\n			<p>20</p>\r\n			</td>\r\n			<td>\r\n			<ul>\r\n				<li>Master Degree in Economics / Econometrics / Quantitative Economics / Mathematical Economics / Integrated Economics Course/ Finance with 55% Marks.</li>\r\n				<li>SC / ST : 50% Marks</li>\r\n			</ul>\r\n			</td>\r\n		</tr>\r\n		<tr>\r\n			<td>\r\n			<p>Officer Grade B (DSIM)</p>\r\n			</td>\r\n			<td>\r\n			<p>11</p>\r\n			</td>\r\n			<td colspan=\"2\">\r\n			<p>04</p>\r\n			</td>\r\n			<td>\r\n			<p>02</p>\r\n			</td>\r\n			<td colspan=\"2\">\r\n			<p>02</p>\r\n			</td>\r\n			<td>\r\n			<p>04</p>\r\n			</td>\r\n			<td colspan=\"2\">\r\n			<p>23</p>\r\n			</td>\r\n			<td>\r\n			<ul>\r\n				<li>Master Degree in Statistics/ Mathematical Statistics/ Mathematical Economics/ Econometrics/ Statistics &amp; Informatics with 55% Marks.</li>\r\n				<li>SC / ST : 50% Marks</li>\r\n			</ul>\r\n			</td>\r\n		</tr>\r\n		<tr>\r\n			<td colspan=\"6\">\r\n			<h2><span style=\"color:rgb(255, 0, 255)\"><strong>Age Limit as on&nbsp;<span style=\"color:rgb(0, 128, 0)\">01/09/2019</span></strong></span></h2>\r\n\r\n			<ul>\r\n				<li>Minimum Age :&nbsp;<strong>21</strong>&nbsp;Years.</li>\r\n				<li>Maximum Age :&nbsp;<strong>30</strong>&nbsp;Years.</li>\r\n				<li>Age Between :&nbsp;<strong>02/09/1989&nbsp;</strong>to&nbsp;<strong>01/09/1998</strong></li>\r\n				<li>For PHD / M.Phill Candidates Max Age Limit is :&nbsp;<strong>32-34 Years</strong></li>\r\n				<li>Age Relaxation Extra as per Reserve Bank of India RBI Recruitment Rules</li>\r\n			</ul>\r\n			</td>\r\n			<td colspan=\"5\">\r\n			<h2><span style=\"color:rgb(255, 0, 255)\"><strong>Exam Center</strong></span></h2>\r\n\r\n			<ul>\r\n				<li><strong>UP :</strong>&nbsp;Agra, Allahabad, Aligarh, Bareilly, Gorakhpur, Jhansi, Kanpur, Lucknow, Meerut, Moradabad, Muzaffarnagar, Varanasi, Gorakhpur, Kanpur Lucknow</li>\r\n				<li><strong>Other State :</strong>&nbsp;Delhi, Delhi NCR, Bihar, MP, Bihar, Chhattisgarh and Other State in Pan India</li>\r\n			</ul>\r\n			</td>\r\n		</tr>\r\n		<tr>\r\n			<td colspan=\"11\">\r\n			<h2><span style=\"color:rgb(255, 0, 255)\"><strong>Interested Candidates Can Read the Full Notification Before Apply Online</strong></span></h2>\r\n			</td>\r\n		</tr>\r\n		<tr>\r\n			<td colspan=\"11\">\r\n			<h2><span style=\"color:rgb(0, 128, 0)\"><strong>Download Mobile Apps for the Latest Updates</strong></span></h2>\r\n			</td>\r\n		</tr>\r\n		<tr>\r\n			<td colspan=\"3\">\r\n			<h2><strong><a href=\"https://play.google.com/store/apps/details?id=com.app.app14f269771c01\" style=\"text-decoration-line: none;\" target=\"_blank\">Android Apps</a></strong></h2>\r\n			</td>\r\n			<td colspan=\"6\">\r\n			<h2><strong><a href=\"https://itunes.apple.com/us/app/sarkari-result/id1051363935?ls=1&amp;mt=8\" style=\"text-decoration-line: none;\" target=\"_blank\">Apple IOS Apps</a></strong></h2>\r\n			</td>\r\n			<td colspan=\"2\">\r\n			<h2><strong><a href=\"https://www.microsoft.com/en-us/store/apps/sarkari-result/9nblggh6cm69\" style=\"text-decoration-line: none;\" target=\"_blank\">Window Apps</a></strong></h2>\r\n			</td>\r\n		</tr>\r\n		<tr>\r\n			<td colspan=\"11\">\r\n			<h1 style=\"margin-left:0px; margin-right:0px\"><span style=\"color:rgb(0, 128, 0)\"><strong>Some Useful Important Links</strong></span></h1>\r\n			</td>\r\n		</tr>\r\n		<tr>\r\n			<td colspan=\"6\">\r\n			<h1 style=\"margin-left:0px; margin-right:0px\"><span style=\"color:rgb(255, 0, 255)\"><strong>Download Phase I Exam Marks</strong></span></h1>\r\n			</td>\r\n			<td colspan=\"5\">\r\n			<h1 style=\"margin-left:0px; margin-right:0px\"><a href=\"https://www.rbi.org.in/Scripts/Result_RecOfficerGRBDR_PH_I_2019.aspx\" style=\"text-decoration-line: none;\" target=\"_blank\"><strong>Click Here</strong></a></h1>\r\n			</td>\r\n		</tr>\r\n		<tr>\r\n			<td colspan=\"6\">\r\n			<h1 style=\"margin-left:0px; margin-right:0px\"><strong><span style=\"color:rgb(255, 0, 255)\">Download Phase-II Admit Card</span></strong></h1>\r\n			</td>\r\n			<td colspan=\"5\">\r\n			<h1 style=\"margin-left:0px; margin-right:0px\"><a href=\"https://ibpsonline.ibps.in/rbigrbdsep19/cloead2a_nov19/login.php?appid=7adaa3cd86dcc8d890347cd082d93b5f\" style=\"text-decoration-line: none;\" target=\"_blank\"><strong>DEPR / DSIM</strong></a>&nbsp;|&nbsp;<a href=\"https://ibpsonline.ibps.in/rbigrbdsep19/cloea2db_nov19/login.php?appid=2067d7ba2b1fb27dcfafaa77d492ca84\" style=\"text-decoration-line: none;\" target=\"_blank\"><strong>DR General</strong></a></h1>\r\n			</td>\r\n		</tr>\r\n		<tr>\r\n			<td colspan=\"6\">\r\n			<h1 style=\"margin-left:0px; margin-right:0px\"><strong><span style=\"color:rgb(255, 0, 255)\">Download Phase-I Result</span></strong></h1>\r\n			</td>\r\n			<td colspan=\"5\">\r\n			<h1 style=\"margin-left:0px; margin-right:0px\"><a href=\"https://opportunities.rbi.org.in/Scripts/bs_viewcontent.aspx?Id=3785\" style=\"text-decoration-line: none;\" target=\"_blank\"><strong>DEPR / DSIM</strong></a>&nbsp;|&nbsp;<a href=\"https://rbidocs.rbi.org.in/rdocs/content/pdfs/RBISBGR18112019_3.pdf\" style=\"text-decoration-line: none;\" target=\"_blank\"><strong>DR General</strong></a></h1>\r\n			</td>\r\n		</tr>\r\n		<tr>\r\n			<td colspan=\"6\">\r\n			<h1 style=\"margin-left:0px; margin-right:0px\"><strong><span style=\"color:rgb(255, 0, 255)\">Download Phase-I Admit Card</span></strong></h1>\r\n			</td>\r\n			<td colspan=\"5\">\r\n			<h1 style=\"margin-left:0px; margin-right:0px\"><a href=\"https://ibpsonline.ibps.in/rbigrbdsep19/cloea_oct19/login.php?appid=49389d9838e73cb744d37b68f0e4b3cc\" style=\"text-decoration-line: none;\" target=\"_blank\"><strong>DEPR / DSIM</strong></a>&nbsp;|&nbsp;<a href=\"https://ibpsonline.ibps.in/rbigrbdsep19/cloeb_oct19/login.php?appid=6fb8b9a0724b9f8279ffc9f09b582da4\" style=\"text-decoration-line: none;\" target=\"_blank\"><strong>DR General</strong></a></h1>\r\n			</td>\r\n		</tr>\r\n		<tr>\r\n			<td colspan=\"6\">\r\n			<h1 style=\"margin-left:0px; margin-right:0px\"><strong><span style=\"color:rgb(255, 0, 255)\">Apply Online</span></strong></h1>\r\n			</td>\r\n			<td colspan=\"5\">\r\n			<h1 style=\"margin-left:0px; margin-right:0px\"><a href=\"https://ibpsonline.ibps.in/rbigrbdsep19/basic_details.php\" style=\"text-decoration-line: none;\" target=\"_blank\"><strong>Registration</strong></a>&nbsp;|&nbsp;<a href=\"https://ibpsonline.ibps.in/rbigrbdsep19/\" style=\"text-decoration-line: none;\" target=\"_blank\"><strong>Login</strong></a></h1>\r\n			</td>\r\n		</tr>\r\n		<tr>\r\n			<td colspan=\"6\">\r\n			<h1 style=\"margin-left:0px; margin-right:0px\"><span style=\"color:rgb(255, 0, 255)\"><strong>Download Notification</strong></span></h1>\r\n			</td>\r\n			<td colspan=\"5\">\r\n			<h1 style=\"margin-left:0px; margin-right:0px\"><a href=\"https://rbidocs.rbi.org.in/rdocs/Content/PDFs/DEPRDSIM2019AA522FF4E0AA4A7982C43E9845E217E7.PDF\" style=\"text-decoration-line: none;\" target=\"_blank\"><strong>Click Here</strong></a></h1>\r\n			</td>\r\n		</tr>\r\n		<tr>\r\n			<td colspan=\"6\">\r\n			<h1 style=\"margin-left:0px; margin-right:0px\"><span style=\"color:rgb(255, 0, 255)\"><strong>Official Website</strong></span></h1>\r\n			</td>\r\n			<td colspan=\"5\">\r\n			<h1 style=\"margin-left:0px; margin-right:0px\"><strong><a href=\"https://opportunities.rbi.org.in/Scripts/bs_viewcontent.aspx?Id=3503\" style=\"text-decoration-line: none;\" target=\"_blank\">Click Here</a></strong></h1>\r\n			</td>\r\n		</tr>\r\n	</tbody>\r\n</table>\r\n', 2, 18, NULL, NULL, '2019-12-04', NULL, 1, NULL, 'rbi-grade-b-recruitment-2019-result-with-marks-2019', NULL, NULL, NULL, NULL, NULL, NULL),
(102, 'NCDRC Delhi Various Post UDC Result, Skill Test Admit Card 2019', 'National Consumer Disputes Redressed Commission NCDRC, New Delhi Are Recently Uploaded the Hall Ticket / Call Letter / Admit Card for the Various Post of MTS, UDC and LDC 2019. Those Candidates Are Applied to the Following Recruitment Form Can Download UDC Post Admit Card.', '<table border=\"1\" cellpadding=\"0\" cellspacing=\"0\" style=\"font-family:times new roman; width:699px\">\r\n	<tbody>\r\n		<tr>\r\n			<td colspan=\"12\">\r\n			<h2><strong><span style=\"color:rgb(255, 0, 255)\">National Consumer Disputes Redressed Commission NCDRC, New Delhi</span></strong></h2>\r\n\r\n			<h2><span style=\"color:rgb(0, 128, 0)\"><strong>LDC, UDC, MTS Recruitment 2019</strong></span></h2>\r\n\r\n			<h2><span style=\"color:rgb(255, 0, 255)\"><strong>Short Details of Notification</strong></span></h2>\r\n\r\n			<h2><span style=\"color:rgb(255, 0, 0)\"><a href=\"http://www.sarkariresult.com/\" style=\"text-decoration-line: none;\"><span style=\"color:rgb(255, 0, 0)\"><strong>WWW.SARKARIRESULT.COM</strong></span></a></span></h2>\r\n			</td>\r\n		</tr>\r\n		<tr>\r\n			<td colspan=\"8\" rowspan=\"2\">\r\n			<h2><span style=\"color:rgb(0, 128, 0)\"><strong>Important Dates</strong></span></h2>\r\n\r\n			<ul>\r\n				<li>Application Begin&nbsp;<strong>: 20/07/2019</strong></li>\r\n				<li>Last Date for Apply Online&nbsp;<strong>:&nbsp;<span style=\"color:rgb(255, 0, 0)\">19/08/2019</span></strong></li>\r\n				<li>Last Date Pay Exam Fee&nbsp;<strong>: 19/08/2019</strong></li>\r\n				<li>UDC Admit Card Available&nbsp;<strong>: 27/09/2019</strong></li>\r\n				<li>UDC Result Available&nbsp;<strong>: 02/12/2019</strong></li>\r\n				<li>UDC Skill Test Admit Card Available&nbsp;<strong>: 03/12/2019</strong></li>\r\n				<li>Exam Date<strong>: November 2019</strong></li>\r\n				<li>Admit Card Available&nbsp;<strong>: Notified Soon</strong></li>\r\n			</ul>\r\n			</td>\r\n			<td colspan=\"4\">\r\n			<h2><span style=\"color:rgb(0, 128, 0)\"><strong>Application Fee</strong></span></h2>\r\n\r\n			<ul>\r\n				<li>General / OBC/ EWS :&nbsp;<strong>350/-</strong></li>\r\n				<li>SC / ST / PH :&nbsp;<strong>200/-</strong></li>\r\n			</ul>\r\n			</td>\r\n		</tr>\r\n		<tr>\r\n			<td colspan=\"4\">\r\n			<h2><span style=\"color:rgb(0, 128, 0)\"><strong>Payment Mode</strong></span></h2>\r\n\r\n			<ul>\r\n				<li>Pay the Exam Fee Through Debit Card, Credit Card, Net Banking, E Challan Fee Mode Only.</li>\r\n			</ul>\r\n			</td>\r\n		</tr>\r\n		<tr>\r\n			<td colspan=\"12\">\r\n			<h2><span style=\"color:rgb(0, 128, 0)\"><strong>Vacancy Details&nbsp;<span style=\"color:rgb(255, 0, 255)\">Total : 37 Post</span>&nbsp;| Age Limit as on&nbsp;<span style=\"color:rgb(255, 0, 255)\">19/08/2019</span></strong></span></h2>\r\n			</td>\r\n		</tr>\r\n		<tr>\r\n			<td>\r\n			<p><strong>Post Name</strong></p>\r\n			</td>\r\n			<td><strong>Gen</strong></td>\r\n			<td>\r\n			<p><strong>OBC</strong></p>\r\n			</td>\r\n			<td colspan=\"2\">\r\n			<p><strong>EWS</strong></p>\r\n			</td>\r\n			<td>\r\n			<p><strong>SC</strong></p>\r\n			</td>\r\n			<td colspan=\"2\">\r\n			<p><strong>ST</strong></p>\r\n			</td>\r\n			<td colspan=\"2\">\r\n			<p><strong>Total Post</strong></p>\r\n			</td>\r\n			<td>\r\n			<p><strong>Age Limit</strong></p>\r\n			</td>\r\n			<td>\r\n			<p><strong>Eligibility</strong></p>\r\n			</td>\r\n		</tr>\r\n		<tr>\r\n			<td>\r\n			<p>Multi Tasking (MTS)</p>\r\n			</td>\r\n			<td>\r\n			<p>08</p>\r\n			</td>\r\n			<td>\r\n			<p>03</p>\r\n			</td>\r\n			<td colspan=\"2\">\r\n			<p>01</p>\r\n			</td>\r\n			<td>\r\n			<p>01</p>\r\n			</td>\r\n			<td colspan=\"2\">\r\n			<p>01</p>\r\n			</td>\r\n			<td colspan=\"2\">\r\n			<p>14</p>\r\n			</td>\r\n			<td>18-25 Years</td>\r\n			<td>Class 10 High School Exam Passed in Any Recognized Board in India.</td>\r\n		</tr>\r\n		<tr>\r\n			<td>\r\n			<p>Lower Division Clerk (LDC)</p>\r\n			</td>\r\n			<td>\r\n			<p>07</p>\r\n			</td>\r\n			<td>\r\n			<p>03</p>\r\n			</td>\r\n			<td colspan=\"2\">\r\n			<p>01</p>\r\n			</td>\r\n			<td>\r\n			<p>01</p>\r\n			</td>\r\n			<td colspan=\"2\">\r\n			<p>0</p>\r\n			</td>\r\n			<td colspan=\"2\">\r\n			<p>12</p>\r\n			</td>\r\n			<td>18-27 Years</td>\r\n			<td>Class 12 Intermediate Exam Passed with English 35 WPM OR Hindi 30 WPM</td>\r\n		</tr>\r\n		<tr>\r\n			<td>\r\n			<p>Upper Division Clerk (UDC)</p>\r\n			</td>\r\n			<td>\r\n			<p>07</p>\r\n			</td>\r\n			<td>\r\n			<p>02</p>\r\n			</td>\r\n			<td colspan=\"2\">\r\n			<p>01</p>\r\n			</td>\r\n			<td>\r\n			<p>01</p>\r\n			</td>\r\n			<td colspan=\"2\">\r\n			<p>0</p>\r\n			</td>\r\n			<td colspan=\"2\">\r\n			<p>11</p>\r\n			</td>\r\n			<td>18-27 Years</td>\r\n			<td>Bachelor Degree in Any Stream with English Typing 35 WPM</td>\r\n		</tr>\r\n		<tr>\r\n			<td colspan=\"12\">\r\n			<h2><span style=\"color:rgb(255, 0, 255)\"><strong>Interested Candidate Can Read the Full Notification Before Apply Online</strong><strong>.</strong></span></h2>\r\n			</td>\r\n		</tr>\r\n		<tr>\r\n			<td colspan=\"12\">\r\n			<h1 style=\"margin-left:0px; margin-right:0px\"><span style=\"color:rgb(0, 128, 0)\"><strong>Download Mobile Apps for the Latest Updates</strong></span></h1>\r\n			</td>\r\n		</tr>\r\n		<tr>\r\n			<td colspan=\"4\">\r\n			<h2><a href=\"https://play.google.com/store/apps/details?id=com.app.app14f269771c01\" style=\"text-decoration-line: none;\" target=\"_blank\"><strong>Android Apps</strong></a></h2>\r\n			</td>\r\n			<td colspan=\"5\">\r\n			<h2><a href=\"https://itunes.apple.com/us/app/sarkari-result/id1051363935?ls=1&amp;mt=8\" style=\"text-decoration-line: none;\" target=\"_blank\"><strong>Apple IOS Apps</strong></a></h2>\r\n			</td>\r\n			<td colspan=\"3\">\r\n			<h2><a href=\"https://www.microsoft.com/en-us/store/apps/sarkari-result/9nblggh6cm69\" style=\"text-decoration-line: none;\" target=\"_blank\"><strong>Window Apps</strong></a></h2>\r\n			</td>\r\n		</tr>\r\n		<tr>\r\n			<td colspan=\"12\">\r\n			<h1 style=\"margin-left:0px; margin-right:0px\"><span style=\"color:rgb(0, 128, 0)\"><strong>Some Useful Important Links</strong></span></h1>\r\n			</td>\r\n		</tr>\r\n		<tr>\r\n			<td colspan=\"7\">\r\n			<h1 style=\"margin-left:0px; margin-right:0px\"><span style=\"color:rgb(255, 0, 255)\"><strong>Download UDC Skill Test Admit Card</strong></span></h1>\r\n			</td>\r\n			<td colspan=\"5\">\r\n			<h1 style=\"margin-left:0px; margin-right:0px\"><a href=\"https://jobapply.in/ncdrc/NCDRC2019_AdmitCardTypingTest.aspx\" style=\"text-decoration-line: none;\" target=\"_blank\"><strong>Click Here</strong></a></h1>\r\n			</td>\r\n		</tr>\r\n		<tr>\r\n			<td colspan=\"7\">\r\n			<h1 style=\"margin-left:0px; margin-right:0px\"><span style=\"color:rgb(255, 0, 255)\"><strong>Download UDC Result</strong></span></h1>\r\n			</td>\r\n			<td colspan=\"5\">\r\n			<h1 style=\"margin-left:0px; margin-right:0px\"><a href=\"https://jobapply.in/ncdrc/NCDRC2019_UDCResult.aspx\" style=\"text-decoration-line: none;\" target=\"_blank\"><strong>Click Here</strong></a></h1>\r\n			</td>\r\n		</tr>\r\n		<tr>\r\n			<td colspan=\"7\">\r\n			<h1 style=\"margin-left:0px; margin-right:0px\"><span style=\"color:rgb(255, 0, 255)\"><strong>Download MTS Answer Key</strong></span></h1>\r\n			</td>\r\n			<td colspan=\"5\">\r\n			<h1 style=\"margin-left:0px; margin-right:0px\"><a href=\"https://jobapply.in/ncdrc/NCDRC19Admit_MTS.aspx\" style=\"text-decoration-line: none;\" target=\"_blank\"><strong>Click Here</strong></a></h1>\r\n			</td>\r\n		</tr>\r\n		<tr>\r\n			<td colspan=\"7\">\r\n			<h1 style=\"margin-left:0px; margin-right:0px\"><span style=\"color:rgb(255, 0, 255)\"><strong>Download MTS Admit Card</strong></span></h1>\r\n			</td>\r\n			<td colspan=\"5\">\r\n			<h1 style=\"margin-left:0px; margin-right:0px\"><a href=\"https://jobapply.in/ncdrc/NCDRC19Admit_MTS.aspx\" style=\"text-decoration-line: none;\" target=\"_blank\"><strong>Click Here</strong></a></h1>\r\n			</td>\r\n		</tr>\r\n		<tr>\r\n			<td colspan=\"7\">\r\n			<h1 style=\"margin-left:0px; margin-right:0px\"><span style=\"color:rgb(255, 0, 255)\"><strong>Download LDC Admit Card</strong></span></h1>\r\n			</td>\r\n			<td colspan=\"5\">\r\n			<h1 style=\"margin-left:0px; margin-right:0px\"><a href=\"https://jobapply.in/ncdrc/NCDRC2019_AdmitLDC.aspx\" style=\"text-decoration-line: none;\" target=\"_blank\"><strong>Click Here</strong></a></h1>\r\n			</td>\r\n		</tr>\r\n		<tr>\r\n			<td colspan=\"7\">\r\n			<h1 style=\"margin-left:0px; margin-right:0px\"><span style=\"color:rgb(255, 0, 255)\"><strong>Download UDC Admit Card</strong></span></h1>\r\n			</td>\r\n			<td colspan=\"5\">\r\n			<h1 style=\"margin-left:0px; margin-right:0px\"><a href=\"https://jobapply.in/ncdrc/NCDRC2019_AdmitCardUDC.aspx\" style=\"text-decoration-line: none;\" target=\"_blank\"><strong>Click Here</strong></a></h1>\r\n			</td>\r\n		</tr>\r\n		<tr>\r\n			<td colspan=\"7\">\r\n			<h1 style=\"margin-left:0px; margin-right:0px\"><span style=\"color:rgb(255, 0, 255)\"><strong>Apply Online</strong></span></h1>\r\n			</td>\r\n			<td colspan=\"5\">\r\n			<h1 style=\"margin-left:0px; margin-right:0px\"><a href=\"https://jobapply.in/ncdrc/\" style=\"text-decoration-line: none;\" target=\"_blank\"><strong>Click Here</strong></a></h1>\r\n			</td>\r\n		</tr>\r\n		<tr>\r\n			<td colspan=\"7\">\r\n			<h1 style=\"margin-left:0px; margin-right:0px\"><span style=\"color:rgb(255, 0, 255)\"><strong>Download Notification</strong></span></h1>\r\n			</td>\r\n			<td colspan=\"5\">\r\n			<h1 style=\"margin-left:0px; margin-right:0px\"><a href=\"https://jobapply.in/ncdrc/Adv-Eng.pdf\" style=\"text-decoration-line: none;\" target=\"_blank\"><strong>Click Here</strong></a></h1>\r\n			</td>\r\n		</tr>\r\n		<tr>\r\n			<td colspan=\"7\">\r\n			<h1 style=\"margin-left:0px; margin-right:0px\"><span style=\"color:rgb(255, 0, 255)\"><strong>Official Website</strong></span></h1>\r\n			</td>\r\n			<td colspan=\"5\">\r\n			<h1 style=\"margin-left:0px; margin-right:0px\"><a href=\"http://ncdrc.nic.in/\" style=\"text-decoration-line: none;\" target=\"_blank\"><strong>Click Here</strong></a></h1>\r\n			</td>\r\n		</tr>\r\n	</tbody>\r\n</table>\r\n', 2, 17, NULL, NULL, '2019-12-11', NULL, 1, NULL, 'ncdrc-delhi-various-post-udc-result-skill-test-admit-card-2019', NULL, NULL, NULL, NULL, NULL, NULL),
(103, 'LIC AAO Recruitment Pre Result, Mains Results, Interview Schedule 2019', 'Life Corporation of India LIC Online Are Invited to Online Application Form for the Post of Assistant Administrative Officer AAOs in Pan india Those Candidates Are Interested to the Following Recruitment and Completed the All Education and Eligibility Criteria Can Read the Full Notification and Apply Online', '<table border=\"1\" cellpadding=\"0\" cellspacing=\"0\" style=\"font-family:times new roman\">\r\n	<tbody>\r\n		<tr>\r\n			<td colspan=\"12\">\r\n			<h2><strong><span style=\"color:rgb(255, 0, 255)\">Life Insurance Corporation of India (LIC)</span></strong></h2>\r\n\r\n			<h2><span style=\"color:rgb(0, 128, 0)\"><strong>Assistant Administrative Officer (AAO) Recruitment 2019</strong></span></h2>\r\n\r\n			<h2><span style=\"color:rgb(255, 0, 255)\"><strong>Short Details of Notification</strong></span></h2>\r\n\r\n			<h2><span style=\"color:rgb(255, 0, 0)\"><a href=\"http://www.sarkariresult.com/\" style=\"text-decoration-line: none;\"><span style=\"color:rgb(255, 0, 0)\"><strong>WWW.SARKARIRESULT.COM</strong></span></a></span></h2>\r\n			</td>\r\n		</tr>\r\n		<tr>\r\n			<td colspan=\"6\">\r\n			<h2><span style=\"color:rgb(0, 128, 0)\"><strong>Important Dates</strong></span></h2>\r\n\r\n			<ul>\r\n				<li>Application Begin :&nbsp;<strong>02/03/2019</strong></li>\r\n				<li>Last Date for Apply Online :<span style=\"color:rgb(255, 0, 0)\">&nbsp;<strong>22/03/2019</strong></span></li>\r\n				<li>Last Date Pay Exam Fee :&nbsp;<strong>22/03/2019</strong></li>\r\n				<li>Last Date Final Submit :<strong>&nbsp;12/04/2019</strong></li>\r\n				<li>Pre Exam Date:&nbsp;<strong>04-05 May 2019</strong></li>\r\n				<li>Admit Card Available:&nbsp;<strong>22/04/2019</strong></li>\r\n				<li>Pre Exam Result Announced:&nbsp;<strong>05/06/2019</strong></li>\r\n				<li>Mains Exam Date :&nbsp;<strong>28/06/2019</strong></li>\r\n				<li>Mains Exam Result Announced:&nbsp;<strong>29/07/2019</strong></li>\r\n				<li>Interview Schedule Announced:&nbsp;<strong>07/08/2019</strong></li>\r\n			</ul>\r\n			</td>\r\n			<td colspan=\"6\">\r\n			<h2><span style=\"color:rgb(0, 128, 0)\"><strong>Application Fee</strong></span></h2>\r\n\r\n			<ul>\r\n				<li>General / OBC :&nbsp;<strong>600/-</strong></li>\r\n				<li>SC / ST / PH :&nbsp;<strong>100/-</strong></li>\r\n				<li>Pay the Exam Fee Through Debit Card, Credit Card, Net Banking Only.</li>\r\n			</ul>\r\n			</td>\r\n		</tr>\r\n		<tr>\r\n			<td colspan=\"12\">\r\n			<h2><span style=\"color:rgb(0, 128, 0)\"><strong>Age Limit as on&nbsp;<span style=\"color:rgb(255, 0, 255)\">01/03/2019</span></strong></span></h2>\r\n\r\n			<ul>\r\n				<li>Minimum Age<strong>&nbsp;: 21 Years</strong></li>\r\n				<li>Maximum Age<strong>&nbsp;: 30 Years</strong></li>\r\n				<li>Age Between<strong>&nbsp;: 02/03/1989 to 01/03/1998</strong></li>\r\n				<li>Age Relaxation<strong>&nbsp;Extra as per Rules.</strong></li>\r\n			</ul>\r\n			</td>\r\n		</tr>\r\n		<tr>\r\n			<td colspan=\"12\">\r\n			<h2><span style=\"color:rgb(255, 0, 255)\"><strong>Vacancy Details&nbsp;<span style=\"color:rgb(0, 128, 0)\">Total : 590 Post</span></strong></span></h2>\r\n\r\n			<h2><span style=\"color:rgb(255, 0, 255)\"><strong>General :&nbsp;<span style=\"color:rgb(0, 128, 0)\">237</span>&nbsp;| OBC :&nbsp;<span style=\"color:rgb(0, 128, 0)\">144</span>&nbsp;| EWS :&nbsp;<span style=\"color:rgb(0, 128, 0)\">59</span>&nbsp;| SC :&nbsp;<span style=\"color:rgb(0, 128, 0)\">92</span>&nbsp;| ST :&nbsp;<span style=\"color:rgb(0, 128, 0)\">58</span></strong></span></h2>\r\n			</td>\r\n		</tr>\r\n		<tr>\r\n			<td>\r\n			<p><strong>Post Name</strong></p>\r\n			</td>\r\n			<td>\r\n			<p><strong>Gen</strong></p>\r\n			</td>\r\n			<td colspan=\"2\">\r\n			<p><strong>EWS</strong></p>\r\n			</td>\r\n			<td>\r\n			<p><strong>OBC</strong></p>\r\n			</td>\r\n			<td colspan=\"3\">\r\n			<p><strong>SC</strong></p>\r\n			</td>\r\n			<td>\r\n			<p><strong>ST</strong></p>\r\n			</td>\r\n			<td colspan=\"2\">\r\n			<p><strong>Total</strong></p>\r\n			</td>\r\n			<td>\r\n			<p><strong>Eligibility</strong></p>\r\n			</td>\r\n		</tr>\r\n		<tr>\r\n			<td>\r\n			<p>AAO (Generalist)</p>\r\n			</td>\r\n			<td>\r\n			<p>140</p>\r\n			</td>\r\n			<td colspan=\"2\">\r\n			<p>35</p>\r\n			</td>\r\n			<td>\r\n			<p>85</p>\r\n			</td>\r\n			<td colspan=\"3\">\r\n			<p>55</p>\r\n			</td>\r\n			<td>\r\n			<p>35</p>\r\n			</td>\r\n			<td colspan=\"2\">\r\n			<p>350</p>\r\n			</td>\r\n			<td>Bachelor Degree in Any Stream in Any Recognized University in India.</td>\r\n		</tr>\r\n		<tr>\r\n			<td>\r\n			<p>AAO (IT)</p>\r\n			</td>\r\n			<td>\r\n			<p>60</p>\r\n			</td>\r\n			<td colspan=\"2\">\r\n			<p>15</p>\r\n			</td>\r\n			<td>\r\n			<p>36</p>\r\n			</td>\r\n			<td colspan=\"3\">\r\n			<p>25</p>\r\n			</td>\r\n			<td>\r\n			<p>14</p>\r\n			</td>\r\n			<td colspan=\"2\">\r\n			<p>150</p>\r\n			</td>\r\n			<td>UG / PG Degree in IT / Computer Science / Electronics</td>\r\n		</tr>\r\n		<tr>\r\n			<td>\r\n			<p>AAO (CA)</p>\r\n			</td>\r\n			<td>\r\n			<p>20</p>\r\n			</td>\r\n			<td colspan=\"2\">\r\n			<p>05</p>\r\n			</td>\r\n			<td>\r\n			<p>13</p>\r\n			</td>\r\n			<td colspan=\"3\">\r\n			<p>07</p>\r\n			</td>\r\n			<td>\r\n			<p>05</p>\r\n			</td>\r\n			<td colspan=\"2\">\r\n			<p>50</p>\r\n			</td>\r\n			<td>CA Degree</td>\r\n		</tr>\r\n		<tr>\r\n			<td>\r\n			<p>AAO (Actuarial)</p>\r\n			</td>\r\n			<td>\r\n			<p>12</p>\r\n			</td>\r\n			<td colspan=\"2\">\r\n			<p>03</p>\r\n			</td>\r\n			<td>\r\n			<p>08</p>\r\n			</td>\r\n			<td colspan=\"3\">\r\n			<p>04</p>\r\n			</td>\r\n			<td>\r\n			<p>03</p>\r\n			</td>\r\n			<td colspan=\"2\">\r\n			<p>30</p>\r\n			</td>\r\n			<td>Bachelor Degree in Any Stream with Passed Paper in Actuarial Institute.</td>\r\n		</tr>\r\n		<tr>\r\n			<td>\r\n			<p>AAO (Rajbasha)</p>\r\n			</td>\r\n			<td>\r\n			<p>05</p>\r\n			</td>\r\n			<td colspan=\"2\">\r\n			<p>01</p>\r\n			</td>\r\n			<td>\r\n			<p>02</p>\r\n			</td>\r\n			<td colspan=\"3\">\r\n			<p>01</p>\r\n			</td>\r\n			<td>\r\n			<p>01</p>\r\n			</td>\r\n			<td colspan=\"2\">\r\n			<p>10</p>\r\n			</td>\r\n			<td>Master Degree in Hindi with English as a Subject in Degree Level&nbsp;<strong>OR</strong>&nbsp;Master Degree in English with Hindi as a Subject in Degree Level</td>\r\n		</tr>\r\n		<tr>\r\n			<td colspan=\"12\">\r\n			<h2><span style=\"color:rgb(255, 0, 255)\"><strong>Interested Candidates Can Read the Full Notification Before Apply Online.</strong></span></h2>\r\n			</td>\r\n		</tr>\r\n		<tr>\r\n			<td colspan=\"12\">\r\n			<h2><span style=\"color:rgb(0, 128, 0)\"><strong>Download Mobile Apps for the Latest Updates</strong></span></h2>\r\n			</td>\r\n		</tr>\r\n		<tr>\r\n			<td colspan=\"3\">\r\n			<h2><a href=\"https://play.google.com/store/apps/details?id=com.app.app14f269771c01\" style=\"text-decoration-line: none;\" target=\"_blank\"><strong>Android Apps</strong></a></h2>\r\n			</td>\r\n			<td colspan=\"7\">\r\n			<h2><a href=\"https://itunes.apple.com/us/app/sarkari-result/id1051363935?ls=1&amp;mt=8\" style=\"text-decoration-line: none;\" target=\"_blank\"><strong>Apple IOS Apps</strong></a></h2>\r\n			</td>\r\n			<td colspan=\"2\">\r\n			<h2><a href=\"https://www.microsoft.com/en-us/store/apps/sarkari-result/9nblggh6cm69\" style=\"text-decoration-line: none;\" target=\"_blank\"><strong>Window Apps</strong></a></h2>\r\n			</td>\r\n		</tr>\r\n		<tr>\r\n			<td colspan=\"12\">\r\n			<h1 style=\"margin-left:0px; margin-right:0px\"><span style=\"color:rgb(0, 128, 0)\"><strong>Some Useful Important Links</strong></span></h1>\r\n			</td>\r\n		</tr>\r\n		<tr>\r\n			<td colspan=\"7\">\r\n			<h1 style=\"margin-left:0px; margin-right:0px\"><span style=\"color:rgb(255, 0, 255)\"><strong>Download Final Result</strong></span></h1>\r\n			</td>\r\n			<td colspan=\"5\">\r\n			<h1 style=\"margin-left:0px; margin-right:0px\"><a href=\"https://www.licindia.in/Bottom-Links/Careers/PRE-RECRUITMENT-MEDICAL-RESULT\" style=\"text-decoration-line: none;\" target=\"_blank\"><strong>Click Here</strong></a></h1>\r\n			</td>\r\n		</tr>\r\n		<tr>\r\n			<td colspan=\"7\">\r\n			<h1 style=\"margin-left:0px; margin-right:0px\"><span style=\"color:rgb(255, 0, 255)\"><strong>Download Interview Schedule</strong></span></h1>\r\n			</td>\r\n			<td colspan=\"5\">\r\n			<h1 style=\"margin-left:0px; margin-right:0px\"><a href=\"https://www.licindia.in/Bottom-Links/Careers/Recruitment-of-Assistant-Administrative-Officer-20\" style=\"text-decoration-line: none;\" target=\"_blank\"><strong>Click Here</strong></a></h1>\r\n			</td>\r\n		</tr>\r\n		<tr>\r\n			<td colspan=\"7\">\r\n			<h1 style=\"margin-left:0px; margin-right:0px\"><span style=\"color:rgb(255, 0, 255)\"><strong>Download Mains Result</strong></span></h1>\r\n			</td>\r\n			<td colspan=\"5\">\r\n			<h1 style=\"margin-left:0px; margin-right:0px\"><a href=\"https://www.licindia.in/Bottom-Links/Careers/AAO-GENERALIST\" style=\"text-decoration-line: none;\" target=\"_blank\"><strong>Generalist</strong></a>&nbsp;|&nbsp;<a href=\"https://www.licindia.in/Bottom-Links/Careers/Recruitment-of-Assistant-Administrative-Officer-20\" style=\"text-decoration-line: none;\" target=\"_blank\"><strong>Other Post</strong></a></h1>\r\n			</td>\r\n		</tr>\r\n		<tr>\r\n			<td colspan=\"7\">\r\n			<h1 style=\"margin-left:0px; margin-right:0px\"><span style=\"color:rgb(255, 0, 255)\"><strong>Download Mains Admit Card</strong></span></h1>\r\n			</td>\r\n			<td colspan=\"5\">\r\n			<h1 style=\"margin-left:0px; margin-right:0px\"><a href=\"https://ibpsonline.ibps.in/licaaofeb19/clomea_jun19/login.php?appid=dc31c1edf1b2d51ef32eda3d3d23e234\" style=\"text-decoration-line: none;\" target=\"_blank\"><strong>Click Here</strong></a></h1>\r\n			</td>\r\n		</tr>\r\n		<tr>\r\n			<td colspan=\"7\">\r\n			<h1 style=\"margin-left:0px; margin-right:0px\"><span style=\"color:rgb(255, 0, 255)\"><strong>Download Pre Result</strong></span></h1>\r\n			</td>\r\n			<td colspan=\"5\">\r\n			<h1 style=\"margin-left:0px; margin-right:0px\"><a href=\"https://www.licindia.in/Bottom-Links/Careers/LIC-AAO(Generalist)-Prelim-2019\" style=\"text-decoration-line: none;\" target=\"_blank\"><strong>Generalist</strong></a>&nbsp;|&nbsp;<a href=\"https://www.licindia.in/Bottom-Links/Careers/Recruitment-of-Assistant-Administrative-Officer-20\" style=\"text-decoration-line: none;\" target=\"_blank\"><strong>Other Post</strong></a></h1>\r\n			</td>\r\n		</tr>\r\n		<tr>\r\n			<td colspan=\"7\">\r\n			<h1 style=\"margin-left:0px; margin-right:0px\"><span style=\"color:rgb(255, 0, 255)\"><strong>Download Admit Card</strong></span></h1>\r\n			</td>\r\n			<td colspan=\"5\">\r\n			<h1 style=\"margin-left:0px; margin-right:0px\"><a href=\"https://www.licindia.in/Bottom-Links/Careers/Recruitment-of-Assistant-Administrative-Officer-20\" style=\"text-decoration-line: none;\" target=\"_blank\"><strong>Click Here</strong></a></h1>\r\n			</td>\r\n		</tr>\r\n		<tr>\r\n			<td colspan=\"7\">\r\n			<h1 style=\"margin-left:0px; margin-right:0px\"><span style=\"color:rgb(255, 0, 255)\"><strong>Apply Online</strong></span></h1>\r\n			</td>\r\n			<td colspan=\"5\">\r\n			<h1 style=\"margin-left:0px; margin-right:0px\"><strong><a href=\"https://ibpsonline.ibps.in/licaaofeb19/basic_details.php\" style=\"text-decoration-line: none;\" target=\"_blank\">Registration</a>&nbsp;|&nbsp;<a href=\"https://ibpsonline.ibps.in/licaaofeb19/\" style=\"text-decoration-line: none;\" target=\"_blank\">Login</a></strong></h1>\r\n			</td>\r\n		</tr>\r\n		<tr>\r\n			<td colspan=\"7\">\r\n			<h1 style=\"margin-left:0px; margin-right:0px\"><span style=\"color:rgb(255, 0, 255)\"><strong>Download Notification</strong></span></h1>\r\n			</td>\r\n			<td colspan=\"5\">\r\n			<h1 style=\"margin-left:0px; margin-right:0px\"><a href=\"https://www.licindia.in/Bottom-Links/Careers/Recruitment-of-Assistant-Administrative-Officer-20\" style=\"text-decoration-line: none;\" target=\"_blank\"><strong>Click Here</strong></a></h1>\r\n			</td>\r\n		</tr>\r\n		<tr>\r\n			<td colspan=\"7\">\r\n			<h1 style=\"margin-left:0px; margin-right:0px\"><span style=\"color:rgb(255, 0, 255)\"><strong>How to Fill Form, Fee Payment (Video Hindi)</strong></span></h1>\r\n			</td>\r\n			<td colspan=\"5\">\r\n			<h1 style=\"margin-left:0px; margin-right:0px\"><a href=\"https://www.youtube.com/watch?v=4ASWFFApwWc\" style=\"text-decoration-line: none;\" target=\"_blank\"><strong>Click Here</strong></a></h1>\r\n			</td>\r\n		</tr>\r\n		<tr>\r\n			<td colspan=\"7\">\r\n			<h1 style=\"margin-left:0px; margin-right:0px\"><span style=\"color:rgb(255, 0, 255)\"><strong>Official Website</strong></span></h1>\r\n			</td>\r\n			<td colspan=\"5\">\r\n			<h1 style=\"margin-left:0px; margin-right:0px\"><a href=\"https://www.licindia.in/Bottom-Links/Careers/Recruitment-of-Assistant-Administrative-Officer-20\" style=\"text-decoration-line: none;\" target=\"_blank\"><strong>Click Here</strong></a></h1>\r\n			</td>\r\n		</tr>\r\n	</tbody>\r\n</table>\r\n', 2, 16, NULL, NULL, '2019-12-14', NULL, 1, NULL, 'lic-aao-recruitment-pre-result-mains-results-interview-schedule-2019', NULL, NULL, NULL, NULL, NULL, NULL),
(104, 'MP PEB High School Teacher Eligibility Test Re Exam Result 2019', 'Madhya Pradesh Professional Examination Board MPPEB Online Are Recently Uploaded Re Examination Answer key for the High School Teacher Eligibility Test for Sr Secondary 17000 Teacher Recruitment. Those Candidates Appeared in Re Examination Can Check and Download the Model Answer Key.', '<table border=\"1\" cellpadding=\"0\" cellspacing=\"0\" style=\"font-family:times new roman\">\r\n	<tbody>\r\n		<tr>\r\n			<td colspan=\"8\">\r\n			<h2><span style=\"color:rgb(255, 0, 255)\"><strong>Madhya Pradesh Professional Examination Board (MPPEB)</strong></span></h2>\r\n\r\n			<h2><span style=\"color:rgb(0, 128, 0)\"><strong>High School Teacher Eligibility Test (TET)</strong></span></h2>\r\n\r\n			<h2><span style=\"color:rgb(255, 0, 255)\"><strong>Short Details of Notification</strong></span></h2>\r\n\r\n			<h2><span style=\"color:rgb(255, 0, 0)\"><strong><a href=\"http://www.sarkariresult.com/\" style=\"text-decoration-line: none;\"><span style=\"color:rgb(255, 0, 0)\">WWW.SARKARIRESULT.COM</span></a></strong></span></h2>\r\n			</td>\r\n		</tr>\r\n		<tr>\r\n			<td colspan=\"6\">\r\n			<h2><span style=\"color:rgb(0, 128, 0)\"><strong>Important Dates</strong></span></h2>\r\n\r\n			<ul>\r\n				<li>Application Begin :&nbsp;<strong>11/09/2018</strong></li>\r\n				<li>Last Date for Apply Online :&nbsp;<strong>30/10/2018</strong></li>\r\n				<li>Last Date Pay Exam Fee :&nbsp;<span style=\"color:rgb(255, 0, 0)\"><strong>30/10/2018 (Extended)</strong></span></li>\r\n				<li>Last Date Correction :&nbsp;<strong>31/10/2018</strong></li>\r\n				<li>Exam Start&nbsp;<strong>: 01/02/2019</strong></li>\r\n				<li>Admit Card Available :&nbsp;<strong>25/01/2019</strong></li>\r\n				<li>Answer Key Available :<strong>&nbsp;After Exam</strong></li>\r\n				<li>Result Available :<strong>&nbsp;28/08/2019</strong></li>\r\n				<li>Re Exam Admit Card Available :<strong>&nbsp;23/09/2019</strong></li>\r\n				<li>Re Exam Answer Key Available :<strong>&nbsp;30/09/2019</strong></li>\r\n				<li>Re Exam Result Available :<strong>&nbsp;30/11/2019</strong></li>\r\n			</ul>\r\n			</td>\r\n			<td colspan=\"2\">\r\n			<h2><span style=\"color:rgb(0, 128, 0)\"><strong>Application Fee</strong></span></h2>\r\n\r\n			<ul>\r\n				<li>General / Other State :&nbsp;<strong>570/-</strong></li>\r\n				<li>MP Reserve Category :&nbsp;<strong>320/-</strong></li>\r\n				<li>Correction Charge :&nbsp;<strong>70/-</strong></li>\r\n				<li>Pay the Examination Fee Through Debit Card, Credit Card, Net Banking or Pay Through Cash at MP Online Authorised KIOSK in India.</li>\r\n			</ul>\r\n			</td>\r\n		</tr>\r\n		<tr>\r\n			<td colspan=\"8\">\r\n			<h2><span style=\"color:rgb(0, 128, 0)\"><strong>Vacancy Details<span style=\"color:rgb(255, 0, 255)\">&nbsp;Total : 17000 Post</span>&nbsp;| Age Limit as on&nbsp;<span style=\"color:rgb(255, 0, 255)\">01/01/2019</span></strong></span></h2>\r\n			</td>\r\n		</tr>\r\n		<tr>\r\n			<td>\r\n			<p><strong>Post Name</strong></p>\r\n			</td>\r\n			<td colspan=\"2\">\r\n			<p><strong>Total Post</strong></p>\r\n			</td>\r\n			<td>\r\n			<p><strong>Age Limit</strong></p>\r\n			</td>\r\n			<td colspan=\"4\">\r\n			<p><strong>Eligibility</strong></p>\r\n			</td>\r\n		</tr>\r\n		<tr>\r\n			<td>\r\n			<p>Senior Secondary Teacher</p>\r\n			</td>\r\n			<td colspan=\"2\">\r\n			<p>17000</p>\r\n			</td>\r\n			<td>\r\n			<p>21-40 for Male, 21-45 for Female</p>\r\n			</td>\r\n			<td colspan=\"4\">\r\n			<ul>\r\n				<li>Master Degree in Related Subject with Second Division Marks and Passed / Appearing B.Ed Exam Passed.</li>\r\n				<li>For More Information Read the Notification</li>\r\n			</ul>\r\n			</td>\r\n		</tr>\r\n		<tr>\r\n			<td colspan=\"8\">\r\n			<h2><span style=\"color:rgb(255, 0, 255)\"><strong>Exam Center</strong></span></h2>\r\n\r\n			<ul>\r\n				<li>Bhopal, Indore, Jabalpur, Gwalior, Ujjain, Neemuch, Ratlam, Mandsaur, Sagar, Satna, Khandwa, Guna, Damoh, Katni, Sidhi, Chindwara, Balaghat, Rewa, Siwani &amp; Khargon</li>\r\n			</ul>\r\n			</td>\r\n		</tr>\r\n		<tr>\r\n			<td colspan=\"8\">\r\n			<h2><span style=\"color:rgb(255, 0, 255)\"><strong>Interested Candidates Can Read the Full Notification Before Apply Online</strong></span></h2>\r\n			</td>\r\n		</tr>\r\n		<tr>\r\n			<td colspan=\"8\">\r\n			<h2><span style=\"color:rgb(0, 128, 0)\"><strong>Download Mobile Apps for the Latest Updates</strong></span></h2>\r\n			</td>\r\n		</tr>\r\n		<tr>\r\n			<td colspan=\"2\">\r\n			<h2><a href=\"https://play.google.com/store/apps/details?id=com.app.app14f269771c01\" style=\"text-decoration-line: none;\" target=\"_blank\"><strong>Android Apps</strong></a></h2>\r\n			</td>\r\n			<td colspan=\"5\">\r\n			<h2><a href=\"https://itunes.apple.com/us/app/sarkari-result/id1051363935?ls=1&amp;mt=8\" style=\"text-decoration-line: none;\" target=\"_blank\"><strong>Apple IOS Apps</strong></a></h2>\r\n			</td>\r\n			<td>\r\n			<h2><a href=\"https://www.microsoft.com/en-us/store/apps/sarkari-result/9nblggh6cm69\" style=\"text-decoration-line: none;\" target=\"_blank\"><strong>Window Apps</strong></a></h2>\r\n			</td>\r\n		</tr>\r\n		<tr>\r\n			<td colspan=\"8\">\r\n			<h1 style=\"margin-left:0px; margin-right:0px\"><span style=\"color:rgb(0, 128, 0)\"><strong>Some Useful Important Links</strong></span></h1>\r\n			</td>\r\n		</tr>\r\n		<tr>\r\n			<td colspan=\"5\">\r\n			<h1 style=\"margin-left:0px; margin-right:0px\"><span style=\"color:rgb(255, 0, 255)\"><strong>Download Re Exam Result</strong></span></h1>\r\n			</td>\r\n			<td colspan=\"3\">\r\n			<h1 style=\"margin-left:0px; margin-right:0px\"><a href=\"http://peb.mp.gov.in/results/RESULT_18/HST_RES18/HST_RES18_English_reexam/default_results.htm\" style=\"text-decoration-line: none;\" target=\"_blank\"><strong>Click Here</strong></a></h1>\r\n			</td>\r\n		</tr>\r\n		<tr>\r\n			<td colspan=\"5\">\r\n			<h1 style=\"margin-left:0px; margin-right:0px\"><span style=\"color:rgb(255, 0, 255)\"><strong>Download Re Exam Answer Key</strong></span></h1>\r\n			</td>\r\n			<td colspan=\"3\">\r\n			<h1 style=\"margin-left:0px; margin-right:0px\"><a href=\"http://peb.mp.gov.in/Model%20Answers/YEAR_2018/HST_2018/Hight_school_Eligibility_test_2018_Model_Answers_Reexam_english.htm\" style=\"text-decoration-line: none;\" target=\"_blank\"><strong>Click Here</strong></a></h1>\r\n			</td>\r\n		</tr>\r\n		<tr>\r\n			<td colspan=\"5\">\r\n			<h1 style=\"margin-left:0px; margin-right:0px\"><span style=\"color:rgb(255, 0, 255)\"><strong>Download Re Exam Admit Card</strong></span></h1>\r\n			</td>\r\n			<td colspan=\"3\">\r\n			<h1 style=\"margin-left:0px; margin-right:0px\"><a href=\"http://peb.mp.gov.in/tacs/tac_2018/HSR_TAC18/HST_TAC18_REEXAM/default_tac.htm\" style=\"text-decoration-line: none;\" target=\"_blank\"><strong>Click Here</strong></a></h1>\r\n			</td>\r\n		</tr>\r\n		<tr>\r\n			<td colspan=\"5\">\r\n			<h1 style=\"margin-left:0px; margin-right:0px\"><span style=\"color:rgb(255, 0, 255)\"><strong>Download Result</strong></span></h1>\r\n			</td>\r\n			<td colspan=\"3\">\r\n			<h1 style=\"margin-left:0px; margin-right:0px\"><a href=\"http://peb.mp.gov.in/results/RESULT_18/HST_RES18/default_results.htm\" style=\"text-decoration-line: none;\" target=\"_blank\"><strong>Click Here</strong></a></h1>\r\n			</td>\r\n		</tr>\r\n		<tr>\r\n			<td colspan=\"5\">\r\n			<h1 style=\"margin-left:0px; margin-right:0px\"><span style=\"color:rgb(255, 0, 255)\"><strong>How to Check Result (Video Hindi)</strong></span></h1>\r\n			</td>\r\n			<td colspan=\"3\">\r\n			<h1 style=\"margin-left:0px; margin-right:0px\"><a href=\"https://youtu.be/VozpGzB81Ws\" style=\"text-decoration-line: none;\" target=\"_blank\"><strong>Click Here</strong></a></h1>\r\n			</td>\r\n		</tr>\r\n		<tr>\r\n			<td colspan=\"5\">\r\n			<h1 style=\"margin-left:0px; margin-right:0px\"><span style=\"color:rgb(255, 0, 255)\"><strong>Download Answer Key</strong></span></h1>\r\n			</td>\r\n			<td colspan=\"3\">\r\n			<h1 style=\"margin-left:0px; margin-right:0px\"><a href=\"http://peb.mp.gov.in/Model%20Answers/YEAR_2018/HST_2018/Hight_school_Eligibility_test_2018_Model_Answers.htm\" style=\"text-decoration-line: none;\" target=\"_blank\"><strong>Click Here</strong></a></h1>\r\n			</td>\r\n		</tr>\r\n		<tr>\r\n			<td colspan=\"5\">\r\n			<h1 style=\"margin-left:0px; margin-right:0px\"><span style=\"color:rgb(255, 0, 255)\"><strong>Download Admit Card</strong></span></h1>\r\n			</td>\r\n			<td colspan=\"3\">\r\n			<h1 style=\"margin-left:0px; margin-right:0px\"><a href=\"http://peb.mp.gov.in/tacs/tac_2018/HSR_TAC18/High_school_Papertablelist.htm\" style=\"text-decoration-line: none;\" target=\"_blank\"><strong>Click Here</strong></a></h1>\r\n			</td>\r\n		</tr>\r\n		<tr>\r\n			<td colspan=\"5\">\r\n			<h1 style=\"margin-left:0px; margin-right:0px\"><span style=\"color:rgb(255, 0, 255)\"><strong>Download Revised Exam Date Notice</strong></span></h1>\r\n			</td>\r\n			<td colspan=\"3\">\r\n			<h1 style=\"margin-left:0px; margin-right:0px\"><a href=\"http://peb.mp.gov.in/Rulebooks/RB_2018/Highschool_2018_revised_rulebook4.pdf\" style=\"text-decoration-line: none;\" target=\"_blank\"><strong>Click Here</strong></a></h1>\r\n			</td>\r\n		</tr>\r\n		<tr>\r\n			<td colspan=\"5\">\r\n			<h1 style=\"margin-left:0px; margin-right:0px\"><span style=\"color:rgb(255, 0, 255)\"><strong>Download Exam Date Notice</strong></span></h1>\r\n			</td>\r\n			<td colspan=\"3\">\r\n			<h1 style=\"margin-left:0px; margin-right:0px\"><a href=\"http://peb.mp.gov.in/Rulebooks/RB_2018/Middle_high_school_2018_dexm_date_ext.jpg\" style=\"text-decoration-line: none;\" target=\"_blank\"><strong>Click Here</strong></a></h1>\r\n			</td>\r\n		</tr>\r\n		<tr>\r\n			<td colspan=\"5\">\r\n			<h1 style=\"margin-left:0px; margin-right:0px\"><span style=\"color:rgb(255, 0, 255)\"><strong>Apply Online</strong></span></h1>\r\n			</td>\r\n			<td colspan=\"3\">\r\n			<h1 style=\"margin-left:0px; margin-right:0px\"><a href=\"https://peb.mponline.gov.in/Portal/Examinations/VyapamRecruitment/notifications.aspx?langid=en-US&amp;id=17\" style=\"text-decoration-line: none;\" target=\"_blank\"><strong>Click Here</strong></a></h1>\r\n			</td>\r\n		</tr>\r\n		<tr>\r\n			<td colspan=\"5\">\r\n			<h1 style=\"margin-left:0px; margin-right:0px\"><span style=\"color:rgb(255, 0, 255)\"><strong>Pay Exam Fee</strong></span></h1>\r\n			</td>\r\n			<td colspan=\"3\">\r\n			<h1 style=\"margin-left:0px; margin-right:0px\"><a href=\"https://peb.mponline.gov.in/Portal/Examinations/vyapam/ViewApplictaion.aspx\" style=\"text-decoration-line: none;\" target=\"_blank\"><strong>Click Here</strong></a></h1>\r\n			</td>\r\n		</tr>\r\n		<tr>\r\n			<td colspan=\"5\">\r\n			<h1 style=\"margin-left:0px; margin-right:0px\"><span style=\"color:rgb(255, 0, 255)\"><strong>Online Correction (After Payment)</strong></span></h1>\r\n			</td>\r\n			<td colspan=\"3\">\r\n			<h1 style=\"margin-left:0px; margin-right:0px\"><a href=\"https://peb.mponline.gov.in/Portal/Examinations/VyapamRecruitment/notifications.aspx?langid=en-US&amp;id=172\" style=\"text-decoration-line: none;\" target=\"_blank\"><strong>Click Here</strong></a></h1>\r\n			</td>\r\n		</tr>\r\n		<tr>\r\n			<td colspan=\"5\">\r\n			<h1 style=\"margin-left:0px; margin-right:0px\"><span style=\"color:rgb(255, 0, 255)\"><strong>Download Notification</strong></span></h1>\r\n			</td>\r\n			<td colspan=\"3\">\r\n			<h1 style=\"margin-left:0px; margin-right:0px\"><a href=\"http://peb.mp.gov.in/Rulebooks/RB_2018/Sikshak_Eligibilty_test_2108_rulebook.pdf\" style=\"text-decoration-line: none;\" target=\"_blank\"><strong>Click Here</strong></a></h1>\r\n			</td>\r\n		</tr>\r\n		<tr>\r\n			<td colspan=\"5\">\r\n			<h1 style=\"margin-left:0px; margin-right:0px\"><span style=\"color:rgb(255, 0, 255)\"><strong>Official Website</strong></span></h1>\r\n			</td>\r\n			<td colspan=\"3\">\r\n			<h1 style=\"margin-left:0px; margin-right:0px\"><a href=\"http://peb.mp.gov.in/e_default.html\" style=\"text-decoration-line: none;\" target=\"_blank\"><strong>Click Here</strong></a></h1>\r\n			</td>\r\n		</tr>\r\n	</tbody>\r\n</table>\r\n', 2, 20, NULL, NULL, '2019-12-18', NULL, 1, NULL, 'mp-peb-high-school-teacher-eligibility-test-re-exam-result-2019', NULL, NULL, NULL, NULL, NULL, NULL),
(106, 'test', 'test', '<p>test</p>\r\n', 1, NULL, NULL, NULL, NULL, NULL, 1, NULL, 'test', NULL, '', NULL, NULL, '', '');

-- --------------------------------------------------------

--
-- Table structure for table `tag`
--

CREATE TABLE `tag` (
  `id` int(11) NOT NULL,
  `name` varchar(255) NOT NULL
) ENGINE=InnoDB DEFAULT CHARSET=utf8;

--
-- Dumping data for table `tag`
--

INSERT INTO `tag` (`id`, `name`) VALUES
(1, 'O\'zbekiston'),
(2, 'Armiya'),
(3, 'Odil Ahmedov'),
(4, 'Laravel'),
(5, 'Rest'),
(6, 'Alfraganus'),
(8, 'Disaster'),
(9, 'Australia'),
(10, 'Yoga'),
(11, 'Health'),
(12, 'here in uzbekistan'),
(13, 'test'),
(14, 'WORKING TOO'),
(15, 'tag'),
(16, 'Jobs'),
(17, 'Results'),
(18, 'Admit card'),
(19, 'Answer key'),
(20, 'Syllabus'),
(21, 'Admission'),
(22, 'important');

-- --------------------------------------------------------

--
-- Table structure for table `tags_child_category`
--

CREATE TABLE `tags_child_category` (
  `id` int(11) NOT NULL,
  `child_category` int(11) DEFAULT NULL,
  `tag_id` int(11) DEFAULT NULL
) ENGINE=InnoDB DEFAULT CHARSET=utf8;

--
-- Dumping data for table `tags_child_category`
--

INSERT INTO `tags_child_category` (`id`, `child_category`, `tag_id`) VALUES
(5, 1, 8);

-- --------------------------------------------------------

--
-- Table structure for table `tags_parent_category`
--

CREATE TABLE `tags_parent_category` (
  `id` int(20) NOT NULL,
  `parent_cat` int(11) DEFAULT NULL,
  `tag_id` int(11) DEFAULT NULL
) ENGINE=InnoDB DEFAULT CHARSET=utf8;

--
-- Dumping data for table `tags_parent_category`
--

INSERT INTO `tags_parent_category` (`id`, `parent_cat`, `tag_id`) VALUES
(7, 3, 18),
(9, 4, 19),
(10, 9, 20),
(11, 10, 21),
(12, 11, 22),
(13, 2, 17),
(14, 1, 16);

-- --------------------------------------------------------

--
-- Table structure for table `tag_assign`
--

CREATE TABLE `tag_assign` (
  `id` int(11) NOT NULL,
  `tag_id` int(11) NOT NULL,
  `post_id` int(11) NOT NULL
) ENGINE=InnoDB DEFAULT CHARSET=utf8;

--
-- Dumping data for table `tag_assign`
--

INSERT INTO `tag_assign` (`id`, `tag_id`, `post_id`) VALUES
(39, 1, 82);

-- --------------------------------------------------------

--
-- Table structure for table `users`
--

CREATE TABLE `users` (
  `id` int(11) NOT NULL,
  `fullname` varchar(255) DEFAULT NULL,
  `username` varchar(100) NOT NULL,
  `password` varchar(255) NOT NULL,
  `role` varchar(100) DEFAULT NULL
) ENGINE=InnoDB DEFAULT CHARSET=utf8;

--
-- Dumping data for table `users`
--

INSERT INTO `users` (`id`, `fullname`, `username`, `password`, `role`) VALUES
(1, 'Gulomjon Sulaymonov', 'Nitish', '$2y$13$K4JcBH4nbLHo1lRcItsmQOwTBGQzu0q6Va2N2Xn6kg6wfoglJRQLe', 'Admin'),
(2, 'Abraham Lyncolin', 'Abraham', '$2y$13$jah2xSwehdqKjj65GrLqf.F5NQslIpr73dSkxSeHA2zgAAoVaAdRK', 'Editor');

--
-- Indexes for dumped tables
--

--
-- Indexes for table `child_categories`
--
ALTER TABLE `child_categories`
  ADD PRIMARY KEY (`id`),
  ADD KEY `main category` (`parent_category`);

--
-- Indexes for table `fileuploads`
--
ALTER TABLE `fileuploads`
  ADD PRIMARY KEY (`id`);

--
-- Indexes for table `main_categories`
--
ALTER TABLE `main_categories`
  ADD PRIMARY KEY (`id`);

--
-- Indexes for table `post`
--
ALTER TABLE `post`
  ADD PRIMARY KEY (`id`);

--
-- Indexes for table `tag`
--
ALTER TABLE `tag`
  ADD PRIMARY KEY (`id`);

--
-- Indexes for table `tags_child_category`
--
ALTER TABLE `tags_child_category`
  ADD PRIMARY KEY (`id`);

--
-- Indexes for table `tags_parent_category`
--
ALTER TABLE `tags_parent_category`
  ADD PRIMARY KEY (`id`);

--
-- Indexes for table `tag_assign`
--
ALTER TABLE `tag_assign`
  ADD PRIMARY KEY (`id`);

--
-- Indexes for table `users`
--
ALTER TABLE `users`
  ADD PRIMARY KEY (`id`);

--
-- AUTO_INCREMENT for dumped tables
--

--
-- AUTO_INCREMENT for table `child_categories`
--
ALTER TABLE `child_categories`
  MODIFY `id` int(11) NOT NULL AUTO_INCREMENT, AUTO_INCREMENT=56;

--
-- AUTO_INCREMENT for table `fileuploads`
--
ALTER TABLE `fileuploads`
  MODIFY `id` int(11) NOT NULL AUTO_INCREMENT, AUTO_INCREMENT=17;

--
-- AUTO_INCREMENT for table `main_categories`
--
ALTER TABLE `main_categories`
  MODIFY `id` int(11) NOT NULL AUTO_INCREMENT, AUTO_INCREMENT=13;

--
-- AUTO_INCREMENT for table `post`
--
ALTER TABLE `post`
  MODIFY `id` int(11) NOT NULL AUTO_INCREMENT, AUTO_INCREMENT=107;

--
-- AUTO_INCREMENT for table `tag`
--
ALTER TABLE `tag`
  MODIFY `id` int(11) NOT NULL AUTO_INCREMENT, AUTO_INCREMENT=23;

--
-- AUTO_INCREMENT for table `tags_child_category`
--
ALTER TABLE `tags_child_category`
  MODIFY `id` int(11) NOT NULL AUTO_INCREMENT, AUTO_INCREMENT=6;

--
-- AUTO_INCREMENT for table `tags_parent_category`
--
ALTER TABLE `tags_parent_category`
  MODIFY `id` int(20) NOT NULL AUTO_INCREMENT, AUTO_INCREMENT=15;

--
-- AUTO_INCREMENT for table `tag_assign`
--
ALTER TABLE `tag_assign`
  MODIFY `id` int(11) NOT NULL AUTO_INCREMENT, AUTO_INCREMENT=40;

--
-- AUTO_INCREMENT for table `users`
--
ALTER TABLE `users`
  MODIFY `id` int(11) NOT NULL AUTO_INCREMENT, AUTO_INCREMENT=3;

--
-- Constraints for dumped tables
--

--
-- Constraints for table `child_categories`
--
ALTER TABLE `child_categories`
  ADD CONSTRAINT `main category` FOREIGN KEY (`parent_category`) REFERENCES `main_categories` (`id`) ON DELETE CASCADE ON UPDATE CASCADE;
COMMIT;

/*!40101 SET CHARACTER_SET_CLIENT=@OLD_CHARACTER_SET_CLIENT */;
/*!40101 SET CHARACTER_SET_RESULTS=@OLD_CHARACTER_SET_RESULTS */;
/*!40101 SET COLLATION_CONNECTION=@OLD_COLLATION_CONNECTION */;
